users,ratings,route_id,name,grade,type
1b922e761c00932705be9b326316d4c6ff4bb433,4,118100516,The Underdog,5.9,"{'trad': True, 'tr': True}"
55a814a3fc9afe15f3be23b3e2a061220094398c,4,118100516,The Underdog,5.9,"{'trad': True, 'tr': True}"
2885fca03e1fa8b82783b2a502d4b70f40eefcda,4,118100516,The Underdog,5.9,"{'trad': True, 'tr': True}"
df4c93f6ea6cb20cf62a435d77347d3ee57edcef,4,118100516,The Underdog,5.9,"{'trad': True, 'tr': True}"
d38fbb6de8d24b5a76b91ba90192c36539081733,3,118100516,The Underdog,5.9,"{'trad': True, 'tr': True}"
68ff5976756c59727433829c49338df3a02cc9d3,3,118100516,The Underdog,5.9,"{'trad': True, 'tr': True}"
51fb6f44a6b405fbf38846262b8e5e7e832c9a4d,2,118100516,The Underdog,5.9,"{'trad': True, 'tr': True}"
a2da0ba22dd822d3aa25aa02ba28c31f30838f67,2,118100516,The Underdog,5.9,"{'trad': True, 'tr': True}"
1bb2a53f7a054ae0ac78331fd9d3aa669230297a,2,118100516,The Underdog,5.9,"{'trad': True, 'tr': True}"
14cf480531356a32ddf62ede554a07a36f9bfb87,2,118100516,The Underdog,5.9,"{'trad': True, 'tr': True}"
1bb2a53f7a054ae0ac78331fd9d3aa669230297a,2,116547545,What a Piece of Crack,5.11a,{'trad': True}
a06e083b321045a4d820896f04def0e3399aebbb,1,116547545,What a Piece of Crack,5.11a,{'trad': True}
a06e083b321045a4d820896f04def0e3399aebbb,3,116227213,Rowan's Leap,5.12a,{'trad': True}
6b052e8b0c47111b50e8007d9c37411ea545d04e,3,116227213,Rowan's Leap,5.12a,{'trad': True}
f7a07b53030207cb4d4a46aeb36086bf0d04fd9c,4,116219075,Sport Route #1,5.8,{'sport': True}
9472f4c3c54fad9e5809dee1410462f19a876a83,4,116219075,Sport Route #1,5.8,{'sport': True}
9400b9e279f4595bd01564a3b88971d52493733d,3,116219075,Sport Route #1,5.8,{'sport': True}
7fe713875d7de25529bd0ab3de8e32029267632d,3,116219075,Sport Route #1,5.8,{'sport': True}
1b44511b2cb0bdc4e8a1452eb43c82df7f6abd6b,3,116219075,Sport Route #1,5.8,{'sport': True}
45caca2802cf026d9a4ea75f22704c5c5be33ac1,3,116219075,Sport Route #1,5.8,{'sport': True}
7caa42bc84ca5b26731896545a1763e17d85e0c1,3,116219075,Sport Route #1,5.8,{'sport': True}
31c524bd3462373ff7194009bba5a0f00910a7e9,3,116219075,Sport Route #1,5.8,{'sport': True}
8cf69693ae3eb334bf6cd557987b8853b5ed1968,3,116219075,Sport Route #1,5.8,{'sport': True}
0f8fb7f4aa6aca71f333c65cf9866f6f9b9474a2,3,116219075,Sport Route #1,5.8,{'sport': True}
51fb6f44a6b405fbf38846262b8e5e7e832c9a4d,2,116219075,Sport Route #1,5.8,{'sport': True}
ca2af3acaed4eb3f3c881a93437df3062d30f551,2,116219075,Sport Route #1,5.8,{'sport': True}
68ff5976756c59727433829c49338df3a02cc9d3,2,116219075,Sport Route #1,5.8,{'sport': True}
2431807c32036a7b84027a330228e0a11144e8b4,2,116219075,Sport Route #1,5.8,{'sport': True}
1b935c994cbdac9ca3d9db71f0c918f78f6e7514,2,116219075,Sport Route #1,5.8,{'sport': True}
126b5f959af141e1470547c8ec0e39945d91afa5,2,116219075,Sport Route #1,5.8,{'sport': True}
19f209ad79ec6ecf5b385ec73ddb233239e014b4,2,116219075,Sport Route #1,5.8,{'sport': True}
a06e083b321045a4d820896f04def0e3399aebbb,2,116219075,Sport Route #1,5.8,{'sport': True}
14cf480531356a32ddf62ede554a07a36f9bfb87,2,116219075,Sport Route #1,5.8,{'sport': True}
a06e083b321045a4d820896f04def0e3399aebbb,3,108515839,Two For One,5.9,"{'trad': True, 'sport': True}"
06728ec283928e77c446ddad1d3b044ef6ee6917,3,108515839,Two For One,5.9,"{'trad': True, 'sport': True}"
1bb2a53f7a054ae0ac78331fd9d3aa669230297a,3,108515839,Two For One,5.9,"{'trad': True, 'sport': True}"
efb319907384fda32c8b8a0996e519fcaa3aaf78,3,108515839,Two For One,5.9,"{'trad': True, 'sport': True}"
19f209ad79ec6ecf5b385ec73ddb233239e014b4,3,108515839,Two For One,5.9,"{'trad': True, 'sport': True}"
5723824c13de0adf3a881dae322b6cc897ef2376,1,108515839,Two For One,5.9,"{'trad': True, 'sport': True}"
a06e083b321045a4d820896f04def0e3399aebbb,3,115969253,Think Twice,5.9-,{'trad': True}
1bb2a53f7a054ae0ac78331fd9d3aa669230297a,3,115969253,Think Twice,5.9-,{'trad': True}
1b935c994cbdac9ca3d9db71f0c918f78f6e7514,3,116181552,Stepping Stone,5.8,{'trad': True}
a06e083b321045a4d820896f04def0e3399aebbb,2,116181552,Stepping Stone,5.8,{'trad': True}
1b935c994cbdac9ca3d9db71f0c918f78f6e7514,3,116071422,Priapus' Infamous Bludgeoning,5.8,{'sport': True}
a06e083b321045a4d820896f04def0e3399aebbb,2,116071422,Priapus' Infamous Bludgeoning,5.8,{'sport': True}
a06e083b321045a4d820896f04def0e3399aebbb,3,115969180,Bearly Scared,5.10a,{'sport': True}
a06e083b321045a4d820896f04def0e3399aebbb,2,116199754,Cruizer,5.8,{'trad': True}
a06e083b321045a4d820896f04def0e3399aebbb,4,114031397,Tom and Jerry,5.11-,{'trad': True}
a06e083b321045a4d820896f04def0e3399aebbb,3,115969219,Four and Many More,5.7,{'sport': True}
19f209ad79ec6ecf5b385ec73ddb233239e014b4,3,115969219,Four and Many More,5.7,{'sport': True}
1b935c994cbdac9ca3d9db71f0c918f78f6e7514,3,115969219,Four and Many More,5.7,{'sport': True}
230f4ac4f92eda3d0f5427eaaa10b27977b8ff4f,3,115969219,Four and Many More,5.7,{'sport': True}
a06e083b321045a4d820896f04def0e3399aebbb,3,113845492,Premero,5.9+,{'trad': True}
68b782fdfbd9485f7db7f33a064ee09daa286b6b,2,113846060,Pioneer's Route,5.7,{'trad': True}
a06e083b321045a4d820896f04def0e3399aebbb,2,111373829,Mustache,5.11-,{'trad': True}
a06e083b321045a4d820896f04def0e3399aebbb,3,108515768,Dry Line,5.9,{'trad': True}
1bb2a53f7a054ae0ac78331fd9d3aa669230297a,2,108515768,Dry Line,5.9,{'trad': True}
2451204e9ba6f0bec3b2a526356b21c769c1a513,4,114031346,Bosched Job,5.9+,{'trad': True}
a06e083b321045a4d820896f04def0e3399aebbb,3,114031346,Bosched Job,5.9+,{'trad': True}
19f209ad79ec6ecf5b385ec73ddb233239e014b4,3,114031346,Bosched Job,5.9+,{'trad': True}
22d8634ecc58da705a2ef174752018179bd86f7c,3,114031346,Bosched Job,5.9+,{'trad': True}
a06e083b321045a4d820896f04def0e3399aebbb,3,108515873,Blessing In De-skies,5.11,{'trad': True}
14cf480531356a32ddf62ede554a07a36f9bfb87,3,116219137,Puff Daddy's,5.8+,{'trad': True}
126b5f959af141e1470547c8ec0e39945d91afa5,3,116219137,Puff Daddy's,5.8+,{'trad': True}
1bb2a53f7a054ae0ac78331fd9d3aa669230297a,3,116219137,Puff Daddy's,5.8+,{'trad': True}
8cf69693ae3eb334bf6cd557987b8853b5ed1968,3,116219137,Puff Daddy's,5.8+,{'trad': True}
0f8fb7f4aa6aca71f333c65cf9866f6f9b9474a2,3,116219137,Puff Daddy's,5.8+,{'trad': True}
14ca1f796ef643dca67dae5048a00e926517c485,3,116219137,Puff Daddy's,5.8+,{'trad': True}
2431807c32036a7b84027a330228e0a11144e8b4,3,116219137,Puff Daddy's,5.8+,{'trad': True}
ca2af3acaed4eb3f3c881a93437df3062d30f551,2,116219137,Puff Daddy's,5.8+,{'trad': True}
51fb6f44a6b405fbf38846262b8e5e7e832c9a4d,2,116219137,Puff Daddy's,5.8+,{'trad': True}
a06e083b321045a4d820896f04def0e3399aebbb,2,116219137,Puff Daddy's,5.8+,{'trad': True}
1b935c994cbdac9ca3d9db71f0c918f78f6e7514,2,116219137,Puff Daddy's,5.8+,{'trad': True}
19f209ad79ec6ecf5b385ec73ddb233239e014b4,2,116219137,Puff Daddy's,5.8+,{'trad': True}
9472f4c3c54fad9e5809dee1410462f19a876a83,2,116219137,Puff Daddy's,5.8+,{'trad': True}
a06e083b321045a4d820896f04def0e3399aebbb,3,116219119,pH Balanced,5.10a,{'trad': True}
14cf480531356a32ddf62ede554a07a36f9bfb87,2,116219119,pH Balanced,5.10a,{'trad': True}
1b935c994cbdac9ca3d9db71f0c918f78f6e7514,2,116219119,pH Balanced,5.10a,{'trad': True}
14cf480531356a32ddf62ede554a07a36f9bfb87,2,116223845,Genesis Wave,5.8,{'trad': True}
a06e083b321045a4d820896f04def0e3399aebbb,2,116223845,Genesis Wave,5.8,{'trad': True}
1bb2a53f7a054ae0ac78331fd9d3aa669230297a,2,116223845,Genesis Wave,5.8,{'trad': True}
8cf69693ae3eb334bf6cd557987b8853b5ed1968,4,116227172,I'm Wet,5.9,{'sport': True}
a06e083b321045a4d820896f04def0e3399aebbb,2,116227172,I'm Wet,5.9,{'sport': True}
14cf480531356a32ddf62ede554a07a36f9bfb87,2,116227172,I'm Wet,5.9,{'sport': True}
9472f4c3c54fad9e5809dee1410462f19a876a83,2,116227172,I'm Wet,5.9,{'sport': True}
1bb2a53f7a054ae0ac78331fd9d3aa669230297a,3,116219109,First Date,5.10a,{'trad': True}
14cf480531356a32ddf62ede554a07a36f9bfb87,2,116219109,First Date,5.10a,{'trad': True}
a06e083b321045a4d820896f04def0e3399aebbb,2,116219109,First Date,5.10a,{'trad': True}
45caca2802cf026d9a4ea75f22704c5c5be33ac1,4,116216481,Mental Misstep,5.10b,{'sport': True}
32f5cae19cfd57ee5a2c14e0a97c697ae28702d6,4,116216481,Mental Misstep,5.10b,{'sport': True}
1bb2a53f7a054ae0ac78331fd9d3aa669230297a,4,116216481,Mental Misstep,5.10b,{'sport': True}
0f8fb7f4aa6aca71f333c65cf9866f6f9b9474a2,4,116216481,Mental Misstep,5.10b,{'sport': True}
9472f4c3c54fad9e5809dee1410462f19a876a83,4,116216481,Mental Misstep,5.10b,{'sport': True}
14cf480531356a32ddf62ede554a07a36f9bfb87,3,116216481,Mental Misstep,5.10b,{'sport': True}
a06e083b321045a4d820896f04def0e3399aebbb,3,116216481,Mental Misstep,5.10b,{'sport': True}
126b5f959af141e1470547c8ec0e39945d91afa5,3,116216481,Mental Misstep,5.10b,{'sport': True}
c0c14f0c5ef91e84848a3bafc187cde6637ecac1,3,116216481,Mental Misstep,5.10b,{'sport': True}
1bb2a53f7a054ae0ac78331fd9d3aa669230297a,2,118306156,Cooler Slab,5.8,{'trad': True}
83a29e073c93a64b20c851206ba832dd2851f465,2,118306156,Cooler Slab,5.8,{'trad': True}
6b052e8b0c47111b50e8007d9c37411ea545d04e,2,118306156,Cooler Slab,5.8,{'trad': True}
1b935c994cbdac9ca3d9db71f0c918f78f6e7514,2,118306156,Cooler Slab,5.8,{'trad': True}
68ff5976756c59727433829c49338df3a02cc9d3,2,118306156,Cooler Slab,5.8,{'trad': True}
14cf480531356a32ddf62ede554a07a36f9bfb87,1,118306156,Cooler Slab,5.8,{'trad': True}
6b052e8b0c47111b50e8007d9c37411ea545d04e,3,118307003,Boundary Line,5.6,{'trad': True}
83a29e073c93a64b20c851206ba832dd2851f465,2,118307003,Boundary Line,5.6,{'trad': True}
51fb6f44a6b405fbf38846262b8e5e7e832c9a4d,2,118307003,Boundary Line,5.6,{'trad': True}
1b935c994cbdac9ca3d9db71f0c918f78f6e7514,2,118307003,Boundary Line,5.6,{'trad': True}
1bb2a53f7a054ae0ac78331fd9d3aa669230297a,2,118307003,Boundary Line,5.6,{'trad': True}
68ff5976756c59727433829c49338df3a02cc9d3,2,118307003,Boundary Line,5.6,{'trad': True}
ca2af3acaed4eb3f3c881a93437df3062d30f551,2,118307003,Boundary Line,5.6,{'trad': True}
14cf480531356a32ddf62ede554a07a36f9bfb87,1,118307003,Boundary Line,5.6,{'trad': True}
a06e083b321045a4d820896f04def0e3399aebbb,3,116227234,Triple F,5.10,{'sport': True}
14cf480531356a32ddf62ede554a07a36f9bfb87,3,116227234,Triple F,5.10,{'sport': True}
50a79261cd7041ade17f7f2543ba06243b60c8cb,3,116227234,Triple F,5.10,{'sport': True}
1b935c994cbdac9ca3d9db71f0c918f78f6e7514,3,116227234,Triple F,5.10,{'sport': True}
8883240e889c6c0b6e6a5594608dbb462e2b7974,3,116227234,Triple F,5.10,{'sport': True}
9400b9e279f4595bd01564a3b88971d52493733d,3,116227234,Triple F,5.10,{'sport': True}
1bb2a53f7a054ae0ac78331fd9d3aa669230297a,2,116227234,Triple F,5.10,{'sport': True}
68ff5976756c59727433829c49338df3a02cc9d3,1,118721006,Tradasaurus Wrecks,5.10-,{'trad': True}
f7a07b53030207cb4d4a46aeb36086bf0d04fd9c,3,118652126,Tree Willy,5.10-,{'sport': True}
9400b9e279f4595bd01564a3b88971d52493733d,3,118652126,Tree Willy,5.10-,{'sport': True}
68ff5976756c59727433829c49338df3a02cc9d3,2,118652126,Tree Willy,5.10-,{'sport': True}
50a79261cd7041ade17f7f2543ba06243b60c8cb,2,116242763,Toilet Bowl,5.10,{'sport': True}
14cf480531356a32ddf62ede554a07a36f9bfb87,2,116242763,Toilet Bowl,5.10,{'sport': True}
1b935c994cbdac9ca3d9db71f0c918f78f6e7514,2,116242763,Toilet Bowl,5.10,{'sport': True}
2ecfd23907b815328e4c5a455605e451270b5820,3,118005235,Electric Avenue,5.9+,{'sport': True}
1b935c994cbdac9ca3d9db71f0c918f78f6e7514,3,118005235,Electric Avenue,5.9+,{'sport': True}
f7a07b53030207cb4d4a46aeb36086bf0d04fd9c,3,118005235,Electric Avenue,5.9+,{'sport': True}
c0c14f0c5ef91e84848a3bafc187cde6637ecac1,3,118005235,Electric Avenue,5.9+,{'sport': True}
1bb2a53f7a054ae0ac78331fd9d3aa669230297a,3,118005235,Electric Avenue,5.9+,{'sport': True}
74376c76ccb0e1d97cb27cd28b84bcb26c875d13,3,118005235,Electric Avenue,5.9+,{'sport': True}
a2da0ba22dd822d3aa25aa02ba28c31f30838f67,3,118005235,Electric Avenue,5.9+,{'sport': True}
1b922e761c00932705be9b326316d4c6ff4bb433,3,118005235,Electric Avenue,5.9+,{'sport': True}
14cf480531356a32ddf62ede554a07a36f9bfb87,2,118005235,Electric Avenue,5.9+,{'sport': True}
68ff5976756c59727433829c49338df3a02cc9d3,2,118005235,Electric Avenue,5.9+,{'sport': True}
1bb2a53f7a054ae0ac78331fd9d3aa669230297a,1,118108788,ReRoute,5.10a,{'trad': True}
74376c76ccb0e1d97cb27cd28b84bcb26c875d13,1,118108788,ReRoute,5.10a,{'trad': True}
1bb2a53f7a054ae0ac78331fd9d3aa669230297a,1,118033163,The Cavity,5.9+,{'trad': True}
74376c76ccb0e1d97cb27cd28b84bcb26c875d13,1,118033163,The Cavity,5.9+,{'trad': True}
1b935c994cbdac9ca3d9db71f0c918f78f6e7514,3,116237375,Unnamed,5.10-,{'sport': True}
74376c76ccb0e1d97cb27cd28b84bcb26c875d13,3,116237375,Unnamed,5.10-,{'sport': True}
50a79261cd7041ade17f7f2543ba06243b60c8cb,2,116237375,Unnamed,5.10-,{'sport': True}
a2da0ba22dd822d3aa25aa02ba28c31f30838f67,2,116237375,Unnamed,5.10-,{'sport': True}
14cf480531356a32ddf62ede554a07a36f9bfb87,2,116237375,Unnamed,5.10-,{'sport': True}
2885fca03e1fa8b82783b2a502d4b70f40eefcda,1,116237375,Unnamed,5.10-,{'sport': True}
68ff5976756c59727433829c49338df3a02cc9d3,3,117375363,Thermometer,5.11c,{'sport': True}
9400b9e279f4595bd01564a3b88971d52493733d,2,117375363,Thermometer,5.11c,{'sport': True}
68ff5976756c59727433829c49338df3a02cc9d3,2,117375423,Hygrometer,5.10a,{'sport': True}
9400b9e279f4595bd01564a3b88971d52493733d,2,117375423,Hygrometer,5.10a,{'sport': True}
74376c76ccb0e1d97cb27cd28b84bcb26c875d13,2,118831656,Covidian Crisis,5.11b/c,{'sport': True}
68ff5976756c59727433829c49338df3a02cc9d3,1,118831656,Covidian Crisis,5.11b/c,{'sport': True}
68ff5976756c59727433829c49338df3a02cc9d3,2,118864833,The COVID Co-op,5.10b/c,{'trad': True}
74376c76ccb0e1d97cb27cd28b84bcb26c875d13,1,118864833,The COVID Co-op,5.10b/c,{'trad': True}
68ff5976756c59727433829c49338df3a02cc9d3,2,118831540,Corona Crack,5.10a,{'trad': True}
74376c76ccb0e1d97cb27cd28b84bcb26c875d13,2,118831540,Corona Crack,5.10a,{'trad': True}
68ff5976756c59727433829c49338df3a02cc9d3,3,118831576,Chloroquine Cure,5.10d,{'sport': True}
74376c76ccb0e1d97cb27cd28b84bcb26c875d13,2,118831576,Chloroquine Cure,5.10d,{'sport': True}
51fb6f44a6b405fbf38846262b8e5e7e832c9a4d,4,116216406,Wondercrack,5.9+,{'trad': True}
14cf480531356a32ddf62ede554a07a36f9bfb87,3,116216406,Wondercrack,5.9+,{'trad': True}
e72be12c24af5acd32b5b00e316a4bfb18cb30a2,3,116216406,Wondercrack,5.9+,{'trad': True}
a57440ae526ea4ffe496d9e91a04a2928d33ed6e,3,116216406,Wondercrack,5.9+,{'trad': True}
1bb2a53f7a054ae0ac78331fd9d3aa669230297a,3,116216406,Wondercrack,5.9+,{'trad': True}
0c066c600c370a8badd3d914d20be22c16595eaf,3,116216406,Wondercrack,5.9+,{'trad': True}
19f209ad79ec6ecf5b385ec73ddb233239e014b4,3,116216406,Wondercrack,5.9+,{'trad': True}
126b5f959af141e1470547c8ec0e39945d91afa5,3,116216406,Wondercrack,5.9+,{'trad': True}
d38fbb6de8d24b5a76b91ba90192c36539081733,3,116216406,Wondercrack,5.9+,{'trad': True}
676ef3f2e4f80f4ff67d6f3c575c7f0acf3638a2,3,116216406,Wondercrack,5.9+,{'trad': True}
50a79261cd7041ade17f7f2543ba06243b60c8cb,3,116216406,Wondercrack,5.9+,{'trad': True}
a06e083b321045a4d820896f04def0e3399aebbb,3,116216406,Wondercrack,5.9+,{'trad': True}
6d0c0465288f349531d6607dea02580acaa2c3ff,3,116216406,Wondercrack,5.9+,{'trad': True}
54fbf5f3c23fd10e95e85b7ada67deff029adccd,2,116216406,Wondercrack,5.9+,{'trad': True}
1b935c994cbdac9ca3d9db71f0c918f78f6e7514,3,116216434,Vultures,5.10+,{'sport': True}
14cf480531356a32ddf62ede554a07a36f9bfb87,2,116216434,Vultures,5.10+,{'sport': True}
1bb2a53f7a054ae0ac78331fd9d3aa669230297a,2,116216434,Vultures,5.10+,{'sport': True}
ce049e504f5121ed86af577299c5bf835f3022f4,2,116216434,Vultures,5.10+,{'sport': True}
126b5f959af141e1470547c8ec0e39945d91afa5,2,116216434,Vultures,5.10+,{'sport': True}
d38fbb6de8d24b5a76b91ba90192c36539081733,2,116216434,Vultures,5.10+,{'sport': True}
a252b65a432bcbc81f7e5acd49412ace1fdec475,2,116216434,Vultures,5.10+,{'sport': True}
a06e083b321045a4d820896f04def0e3399aebbb,2,116216434,Vultures,5.10+,{'sport': True}
50a79261cd7041ade17f7f2543ba06243b60c8cb,1,116216434,Vultures,5.10+,{'sport': True}
54fbf5f3c23fd10e95e85b7ada67deff029adccd,1,116216434,Vultures,5.10+,{'sport': True}
d0816abb9ec118085ea275c4d881436a72bcfbe0,3,116227601,Unknown Slab,5.10,{'trad': True}
e72be12c24af5acd32b5b00e316a4bfb18cb30a2,3,116227601,Unknown Slab,5.10,{'trad': True}
d843367b4307d07346c3cd2ad84bc8e10121eea6,3,116227601,Unknown Slab,5.10,{'trad': True}
e6ec46e6fc951cc8e5042f9693499d72ab436613,3,116227601,Unknown Slab,5.10,{'trad': True}
3a7efb2b00575e7eec70aa055d5fcef9a496edc8,3,116227601,Unknown Slab,5.10,{'trad': True}
dce24b0d06aa605f256219165cd11f8c875848b8,2,116227601,Unknown Slab,5.10,{'trad': True}
14cf480531356a32ddf62ede554a07a36f9bfb87,2,116227601,Unknown Slab,5.10,{'trad': True}
d38fbb6de8d24b5a76b91ba90192c36539081733,2,116227601,Unknown Slab,5.10,{'trad': True}
68ff5976756c59727433829c49338df3a02cc9d3,2,116227601,Unknown Slab,5.10,{'trad': True}
a06e083b321045a4d820896f04def0e3399aebbb,1,116227601,Unknown Slab,5.10,{'trad': True}
a06e083b321045a4d820896f04def0e3399aebbb,3,116227270,Thin Skin,5.12,{'sport': True}
50a79261cd7041ade17f7f2543ba06243b60c8cb,3,116227270,Thin Skin,5.12,{'sport': True}
83a29e073c93a64b20c851206ba832dd2851f465,3,116363865,Thar Be Dragons (Slab Ramp),5.7,{'sport': True}
2885fca03e1fa8b82783b2a502d4b70f40eefcda,3,116363865,Thar Be Dragons (Slab Ramp),5.7,{'sport': True}
68ff5976756c59727433829c49338df3a02cc9d3,2,116363865,Thar Be Dragons (Slab Ramp),5.7,{'sport': True}
dce24b0d06aa605f256219165cd11f8c875848b8,2,116363865,Thar Be Dragons (Slab Ramp),5.7,{'sport': True}
d0816abb9ec118085ea275c4d881436a72bcfbe0,2,116363865,Thar Be Dragons (Slab Ramp),5.7,{'sport': True}
d38fbb6de8d24b5a76b91ba90192c36539081733,2,116363865,Thar Be Dragons (Slab Ramp),5.7,{'sport': True}
e6ec46e6fc951cc8e5042f9693499d72ab436613,2,116363865,Thar Be Dragons (Slab Ramp),5.7,{'sport': True}
19f209ad79ec6ecf5b385ec73ddb233239e014b4,2,116363865,Thar Be Dragons (Slab Ramp),5.7,{'sport': True}
6d0c0465288f349531d6607dea02580acaa2c3ff,2,116363865,Thar Be Dragons (Slab Ramp),5.7,{'sport': True}
1bb2a53f7a054ae0ac78331fd9d3aa669230297a,1,116363865,Thar Be Dragons (Slab Ramp),5.7,{'sport': True}
f7a07b53030207cb4d4a46aeb36086bf0d04fd9c,1,116363865,Thar Be Dragons (Slab Ramp),5.7,{'sport': True}
1b935c994cbdac9ca3d9db71f0c918f78f6e7514,1,116363865,Thar Be Dragons (Slab Ramp),5.7,{'sport': True}
1b935c994cbdac9ca3d9db71f0c918f78f6e7514,3,116216418,Slim Pickens,5.10+,{'sport': True}
d38fbb6de8d24b5a76b91ba90192c36539081733,3,116216418,Slim Pickens,5.10+,{'sport': True}
0c066c600c370a8badd3d914d20be22c16595eaf,3,116216418,Slim Pickens,5.10+,{'sport': True}
14cf480531356a32ddf62ede554a07a36f9bfb87,2,116216418,Slim Pickens,5.10+,{'sport': True}
a06e083b321045a4d820896f04def0e3399aebbb,2,116216418,Slim Pickens,5.10+,{'sport': True}
50a79261cd7041ade17f7f2543ba06243b60c8cb,2,116216418,Slim Pickens,5.10+,{'sport': True}
1bb2a53f7a054ae0ac78331fd9d3aa669230297a,2,116216418,Slim Pickens,5.10+,{'sport': True}
cc7bbf4892a7ae9c63d609eb5991e029a00f4dd1,4,116223777,S Crack,5.10,{'trad': True}
d9fc3fab141e02a06bd2dfd131d89a06dfca749a,4,116223777,S Crack,5.10,{'trad': True}
3fa95e7cf433fc865a84329a69fb8991e2d3d15f,4,116223777,S Crack,5.10,{'trad': True}
0c066c600c370a8badd3d914d20be22c16595eaf,4,116223777,S Crack,5.10,{'trad': True}
14cf480531356a32ddf62ede554a07a36f9bfb87,3,116223777,S Crack,5.10,{'trad': True}
82036288d93e6f908f44de26cc8c456f67510013,3,116223777,S Crack,5.10,{'trad': True}
a2da0ba22dd822d3aa25aa02ba28c31f30838f67,3,116223777,S Crack,5.10,{'trad': True}
4d56360626da2b9cb652157564b253935f419732,3,116223777,S Crack,5.10,{'trad': True}
6b052e8b0c47111b50e8007d9c37411ea545d04e,3,116223777,S Crack,5.10,{'trad': True}
1bb2a53f7a054ae0ac78331fd9d3aa669230297a,3,116223777,S Crack,5.10,{'trad': True}
51fb6f44a6b405fbf38846262b8e5e7e832c9a4d,3,116223777,S Crack,5.10,{'trad': True}
19f209ad79ec6ecf5b385ec73ddb233239e014b4,3,116223777,S Crack,5.10,{'trad': True}
2885fca03e1fa8b82783b2a502d4b70f40eefcda,3,116223777,S Crack,5.10,{'trad': True}
d38fbb6de8d24b5a76b91ba90192c36539081733,3,116223777,S Crack,5.10,{'trad': True}
676ef3f2e4f80f4ff67d6f3c575c7f0acf3638a2,3,116223777,S Crack,5.10,{'trad': True}
a06e083b321045a4d820896f04def0e3399aebbb,3,116223777,S Crack,5.10,{'trad': True}
50a79261cd7041ade17f7f2543ba06243b60c8cb,3,116223777,S Crack,5.10,{'trad': True}
68ff5976756c59727433829c49338df3a02cc9d3,2,116223777,S Crack,5.10,{'trad': True}
8914ced305ff003589435b8d69dfcf75b0f18d0c,2,116223777,S Crack,5.10,{'trad': True}
1aa45cc927775b9adbeb04de51b3b485247e2486,2,116223777,S Crack,5.10,{'trad': True}
54fbf5f3c23fd10e95e85b7ada67deff029adccd,2,116223777,S Crack,5.10,{'trad': True}
126b5f959af141e1470547c8ec0e39945d91afa5,2,116223777,S Crack,5.10,{'trad': True}
a06e083b321045a4d820896f04def0e3399aebbb,3,116232238,Seams Impossible,5.12a,{'trad': True}
8914ced305ff003589435b8d69dfcf75b0f18d0c,3,116232238,Seams Impossible,5.12a,{'trad': True}
50a79261cd7041ade17f7f2543ba06243b60c8cb,2,116232238,Seams Impossible,5.12a,{'trad': True}
d0816abb9ec118085ea275c4d881436a72bcfbe0,4,116385056,Ramp Arete,5.7,{'trad': True}
2e51aedc8f118ecea7725563ce7c24da19af60c0,4,116385056,Ramp Arete,5.7,{'trad': True}
ce049e504f5121ed86af577299c5bf835f3022f4,4,116385056,Ramp Arete,5.7,{'trad': True}
83a29e073c93a64b20c851206ba832dd2851f465,3,116385056,Ramp Arete,5.7,{'trad': True}
51fb6f44a6b405fbf38846262b8e5e7e832c9a4d,3,116385056,Ramp Arete,5.7,{'trad': True}
7fe713875d7de25529bd0ab3de8e32029267632d,3,116385056,Ramp Arete,5.7,{'trad': True}
1b935c994cbdac9ca3d9db71f0c918f78f6e7514,3,116385056,Ramp Arete,5.7,{'trad': True}
1bb2a53f7a054ae0ac78331fd9d3aa669230297a,3,116385056,Ramp Arete,5.7,{'trad': True}
19f209ad79ec6ecf5b385ec73ddb233239e014b4,3,116385056,Ramp Arete,5.7,{'trad': True}
d38fbb6de8d24b5a76b91ba90192c36539081733,3,116385056,Ramp Arete,5.7,{'trad': True}
e72be12c24af5acd32b5b00e316a4bfb18cb30a2,3,116385056,Ramp Arete,5.7,{'trad': True}
dce24b0d06aa605f256219165cd11f8c875848b8,2,116385056,Ramp Arete,5.7,{'trad': True}
c771288a2c8261a74a34e49c644e48276a5ac7d0,2,116385056,Ramp Arete,5.7,{'trad': True}
14cf480531356a32ddf62ede554a07a36f9bfb87,2,116385056,Ramp Arete,5.7,{'trad': True}
126b5f959af141e1470547c8ec0e39945d91afa5,2,116385056,Ramp Arete,5.7,{'trad': True}
6d0c0465288f349531d6607dea02580acaa2c3ff,2,116385056,Ramp Arete,5.7,{'trad': True}
2451204e9ba6f0bec3b2a526356b21c769c1a513,4,116507370,Flakey,5.8,"{'trad': True, 'tr': True}"
74376c76ccb0e1d97cb27cd28b84bcb26c875d13,3,116507370,Flakey,5.8,"{'trad': True, 'tr': True}"
83a29e073c93a64b20c851206ba832dd2851f465,3,116507370,Flakey,5.8,"{'trad': True, 'tr': True}"
d0816abb9ec118085ea275c4d881436a72bcfbe0,3,116507370,Flakey,5.8,"{'trad': True, 'tr': True}"
6b85566f7936af1ccb2e452fbb9a803e48222615,3,116507370,Flakey,5.8,"{'trad': True, 'tr': True}"
f7a07b53030207cb4d4a46aeb36086bf0d04fd9c,3,116507370,Flakey,5.8,"{'trad': True, 'tr': True}"
ca2af3acaed4eb3f3c881a93437df3062d30f551,3,116507370,Flakey,5.8,"{'trad': True, 'tr': True}"
1bb2a53f7a054ae0ac78331fd9d3aa669230297a,3,116507370,Flakey,5.8,"{'trad': True, 'tr': True}"
55a814a3fc9afe15f3be23b3e2a061220094398c,3,116507370,Flakey,5.8,"{'trad': True, 'tr': True}"
6d0c0465288f349531d6607dea02580acaa2c3ff,3,116507370,Flakey,5.8,"{'trad': True, 'tr': True}"
aa8fc4a422b374d5448687dc029637a5deb20e54,3,116507370,Flakey,5.8,"{'trad': True, 'tr': True}"
3fa95e7cf433fc865a84329a69fb8991e2d3d15f,3,116507370,Flakey,5.8,"{'trad': True, 'tr': True}"
bed61fe2187afa3bde22caed1669d3ae83563f2c,3,116507370,Flakey,5.8,"{'trad': True, 'tr': True}"
1b935c994cbdac9ca3d9db71f0c918f78f6e7514,3,116507370,Flakey,5.8,"{'trad': True, 'tr': True}"
54f16ca3a810689650797b00a9caae50f6d7af6b,3,116507370,Flakey,5.8,"{'trad': True, 'tr': True}"
2885fca03e1fa8b82783b2a502d4b70f40eefcda,3,116507370,Flakey,5.8,"{'trad': True, 'tr': True}"
68ff5976756c59727433829c49338df3a02cc9d3,3,116507370,Flakey,5.8,"{'trad': True, 'tr': True}"
7fe713875d7de25529bd0ab3de8e32029267632d,3,116507370,Flakey,5.8,"{'trad': True, 'tr': True}"
51fb6f44a6b405fbf38846262b8e5e7e832c9a4d,2,116507370,Flakey,5.8,"{'trad': True, 'tr': True}"
1aa45cc927775b9adbeb04de51b3b485247e2486,2,116507370,Flakey,5.8,"{'trad': True, 'tr': True}"
126b5f959af141e1470547c8ec0e39945d91afa5,2,116507370,Flakey,5.8,"{'trad': True, 'tr': True}"
19f209ad79ec6ecf5b385ec73ddb233239e014b4,2,116507370,Flakey,5.8,"{'trad': True, 'tr': True}"
14cf480531356a32ddf62ede554a07a36f9bfb87,2,116507370,Flakey,5.8,"{'trad': True, 'tr': True}"
54fbf5f3c23fd10e95e85b7ada67deff029adccd,2,116507370,Flakey,5.8,"{'trad': True, 'tr': True}"
a06e083b321045a4d820896f04def0e3399aebbb,4,116216469,Picken & Grinnin',5.11,{'trad': True}
1bb2a53f7a054ae0ac78331fd9d3aa669230297a,4,116216469,Picken & Grinnin',5.11,{'trad': True}
14cf480531356a32ddf62ede554a07a36f9bfb87,3,116216469,Picken & Grinnin',5.11,{'trad': True}
2885fca03e1fa8b82783b2a502d4b70f40eefcda,3,116216469,Picken & Grinnin',5.11,{'trad': True}
a2da0ba22dd822d3aa25aa02ba28c31f30838f67,3,116216469,Picken & Grinnin',5.11,{'trad': True}
19f209ad79ec6ecf5b385ec73ddb233239e014b4,3,116216469,Picken & Grinnin',5.11,{'trad': True}
126b5f959af141e1470547c8ec0e39945d91afa5,3,116216469,Picken & Grinnin',5.11,{'trad': True}
676ef3f2e4f80f4ff67d6f3c575c7f0acf3638a2,3,116216469,Picken & Grinnin',5.11,{'trad': True}
d38fbb6de8d24b5a76b91ba90192c36539081733,3,116216469,Picken & Grinnin',5.11,{'trad': True}
50a79261cd7041ade17f7f2543ba06243b60c8cb,3,116216469,Picken & Grinnin',5.11,{'trad': True}
54fbf5f3c23fd10e95e85b7ada67deff029adccd,3,116216469,Picken & Grinnin',5.11,{'trad': True}
a06e083b321045a4d820896f04def0e3399aebbb,3,116216451,Optical Delusion,5.10+,{'trad': True}
126b5f959af141e1470547c8ec0e39945d91afa5,3,116216451,Optical Delusion,5.10+,{'trad': True}
1bb2a53f7a054ae0ac78331fd9d3aa669230297a,3,116216451,Optical Delusion,5.10+,{'trad': True}
14cf480531356a32ddf62ede554a07a36f9bfb87,2,116216451,Optical Delusion,5.10+,{'trad': True}
50a79261cd7041ade17f7f2543ba06243b60c8cb,2,116216451,Optical Delusion,5.10+,{'trad': True}
18a46d09b29e6bf9bf56e7147c05a3de16ab60e7,2,116216451,Optical Delusion,5.10+,{'trad': True}
54fbf5f3c23fd10e95e85b7ada67deff029adccd,2,116216451,Optical Delusion,5.10+,{'trad': True}
1bb2a53f7a054ae0ac78331fd9d3aa669230297a,3,116669777,Heat Wave,5.10b/c,{'trad': True}
3fa95e7cf433fc865a84329a69fb8991e2d3d15f,3,116669777,Heat Wave,5.10b/c,{'trad': True}
a06e083b321045a4d820896f04def0e3399aebbb,3,116227124,Picken' on the Fat Kid,5.9+,{'trad': True}
1bb2a53f7a054ae0ac78331fd9d3aa669230297a,3,116227124,Picken' on the Fat Kid,5.9+,{'trad': True}
50a79261cd7041ade17f7f2543ba06243b60c8cb,2,116227124,Picken' on the Fat Kid,5.9+,{'trad': True}
50a79261cd7041ade17f7f2543ba06243b60c8cb,3,116244010,Dr. Strangelove,5.11+,{'sport': True}
1bb2a53f7a054ae0ac78331fd9d3aa669230297a,3,116244010,Dr. Strangelove,5.11+,{'sport': True}
74376c76ccb0e1d97cb27cd28b84bcb26c875d13,3,116524143,Booger Picken,5.10c,{'sport': True}
0c066c600c370a8badd3d914d20be22c16595eaf,3,116524143,Booger Picken,5.10c,{'sport': True}
5370871a921cbd126ef2ff4e71a9eec247742bbe,3,116524143,Booger Picken,5.10c,{'sport': True}
1bb2a53f7a054ae0ac78331fd9d3aa669230297a,2,116524143,Booger Picken,5.10c,{'sport': True}
50a79261cd7041ade17f7f2543ba06243b60c8cb,2,116524143,Booger Picken,5.10c,{'sport': True}
a2da0ba22dd822d3aa25aa02ba28c31f30838f67,2,116524143,Booger Picken,5.10c,{'sport': True}
cc7bbf4892a7ae9c63d609eb5991e029a00f4dd1,4,116227099,Big Rock Candy Direct,5.10c/d,{'trad': True}
a06e083b321045a4d820896f04def0e3399aebbb,3,116227099,Big Rock Candy Direct,5.10c/d,{'trad': True}
1aa45cc927775b9adbeb04de51b3b485247e2486,3,116227099,Big Rock Candy Direct,5.10c/d,{'trad': True}
126b5f959af141e1470547c8ec0e39945d91afa5,3,116227099,Big Rock Candy Direct,5.10c/d,{'trad': True}
0c066c600c370a8badd3d914d20be22c16595eaf,3,116227099,Big Rock Candy Direct,5.10c/d,{'trad': True}
1b935c994cbdac9ca3d9db71f0c918f78f6e7514,3,116227099,Big Rock Candy Direct,5.10c/d,{'trad': True}
14cf480531356a32ddf62ede554a07a36f9bfb87,3,116227099,Big Rock Candy Direct,5.10c/d,{'trad': True}
d38fbb6de8d24b5a76b91ba90192c36539081733,3,116227099,Big Rock Candy Direct,5.10c/d,{'trad': True}
676ef3f2e4f80f4ff67d6f3c575c7f0acf3638a2,3,116227099,Big Rock Candy Direct,5.10c/d,{'trad': True}
50a79261cd7041ade17f7f2543ba06243b60c8cb,3,116227099,Big Rock Candy Direct,5.10c/d,{'trad': True}
19f209ad79ec6ecf5b385ec73ddb233239e014b4,3,116227099,Big Rock Candy Direct,5.10c/d,{'trad': True}
1bb2a53f7a054ae0ac78331fd9d3aa669230297a,3,116227099,Big Rock Candy Direct,5.10c/d,{'trad': True}
54fbf5f3c23fd10e95e85b7ada67deff029adccd,2,116227099,Big Rock Candy Direct,5.10c/d,{'trad': True}
a06e083b321045a4d820896f04def0e3399aebbb,4,116227060,Big Rock Candy Arete,5.11b/c,{'trad': True}
19f209ad79ec6ecf5b385ec73ddb233239e014b4,4,116227060,Big Rock Candy Arete,5.11b/c,{'trad': True}
ce049e504f5121ed86af577299c5bf835f3022f4,4,116227060,Big Rock Candy Arete,5.11b/c,{'trad': True}
19c932803568fed5b60d18d72afed45c49694321,4,116227060,Big Rock Candy Arete,5.11b/c,{'trad': True}
1bb2a53f7a054ae0ac78331fd9d3aa669230297a,4,116227060,Big Rock Candy Arete,5.11b/c,{'trad': True}
126b5f959af141e1470547c8ec0e39945d91afa5,4,116227060,Big Rock Candy Arete,5.11b/c,{'trad': True}
2885fca03e1fa8b82783b2a502d4b70f40eefcda,4,116227060,Big Rock Candy Arete,5.11b/c,{'trad': True}
50a79261cd7041ade17f7f2543ba06243b60c8cb,4,116227060,Big Rock Candy Arete,5.11b/c,{'trad': True}
14cf480531356a32ddf62ede554a07a36f9bfb87,4,116227060,Big Rock Candy Arete,5.11b/c,{'trad': True}
6d0c0465288f349531d6607dea02580acaa2c3ff,4,116227060,Big Rock Candy Arete,5.11b/c,{'trad': True}
d38fbb6de8d24b5a76b91ba90192c36539081733,3,116227060,Big Rock Candy Arete,5.11b/c,{'trad': True}
0c066c600c370a8badd3d914d20be22c16595eaf,3,116227060,Big Rock Candy Arete,5.11b/c,{'trad': True}
54fbf5f3c23fd10e95e85b7ada67deff029adccd,2,116227060,Big Rock Candy Arete,5.11b/c,{'trad': True}
83a29e073c93a64b20c851206ba832dd2851f465,3,116508584,5.9 Offwidth,5.9,{'trad': True}
126b5f959af141e1470547c8ec0e39945d91afa5,3,116508584,5.9 Offwidth,5.9,{'trad': True}
bb94074419010662f0a0cb6d61e5fd8c23296932,3,116508584,5.9 Offwidth,5.9,{'trad': True}
74376c76ccb0e1d97cb27cd28b84bcb26c875d13,2,116508584,5.9 Offwidth,5.9,{'trad': True}
54fbf5f3c23fd10e95e85b7ada67deff029adccd,2,116508584,5.9 Offwidth,5.9,{'trad': True}
9fab3949236c5524d0d3883757a1e8ce3505fecf,2,116508584,5.9 Offwidth,5.9,{'trad': True}
af19c3b9b6756fe2210fe1deca942bd50ad89471,2,116508584,5.9 Offwidth,5.9,{'trad': True}
0c066c600c370a8badd3d914d20be22c16595eaf,2,116508584,5.9 Offwidth,5.9,{'trad': True}
19f209ad79ec6ecf5b385ec73ddb233239e014b4,2,116508584,5.9 Offwidth,5.9,{'trad': True}
14cf480531356a32ddf62ede554a07a36f9bfb87,2,116508584,5.9 Offwidth,5.9,{'trad': True}
68ff5976756c59727433829c49338df3a02cc9d3,2,116508584,5.9 Offwidth,5.9,{'trad': True}
7fe713875d7de25529bd0ab3de8e32029267632d,1,116508584,5.9 Offwidth,5.9,{'trad': True}
1bb2a53f7a054ae0ac78331fd9d3aa669230297a,1,116508584,5.9 Offwidth,5.9,{'trad': True}
68ff5976756c59727433829c49338df3a02cc9d3,3,118350550,Barometer,5.8-,{'trad': True}
9400b9e279f4595bd01564a3b88971d52493733d,3,118350550,Barometer,5.8-,{'trad': True}
f7a07b53030207cb4d4a46aeb36086bf0d04fd9c,2,118350550,Barometer,5.8-,{'trad': True}
9400b9e279f4595bd01564a3b88971d52493733d,3,116216008,Traffic Jam,5.6,{'sport': True}
4a6a90b69ee5e97c39f65716c36dab67c3cb9224,3,116216008,Traffic Jam,5.6,{'sport': True}
aa8fc4a422b374d5448687dc029637a5deb20e54,3,116216008,Traffic Jam,5.6,{'sport': True}
2451204e9ba6f0bec3b2a526356b21c769c1a513,3,116216008,Traffic Jam,5.6,{'sport': True}
36c830548f01b00481b150ad7b66e759192bbc23,3,116216008,Traffic Jam,5.6,{'sport': True}
d0816abb9ec118085ea275c4d881436a72bcfbe0,3,116216008,Traffic Jam,5.6,{'sport': True}
14cf480531356a32ddf62ede554a07a36f9bfb87,2,116216008,Traffic Jam,5.6,{'sport': True}
19f209ad79ec6ecf5b385ec73ddb233239e014b4,2,116216008,Traffic Jam,5.6,{'sport': True}
ca2af3acaed4eb3f3c881a93437df3062d30f551,2,116216008,Traffic Jam,5.6,{'sport': True}
7fe713875d7de25529bd0ab3de8e32029267632d,2,116216008,Traffic Jam,5.6,{'sport': True}
1b935c994cbdac9ca3d9db71f0c918f78f6e7514,2,116216008,Traffic Jam,5.6,{'sport': True}
db4ffb923ea8d08a92937be3f26347a691fe2ed3,2,116216008,Traffic Jam,5.6,{'sport': True}
bb94074419010662f0a0cb6d61e5fd8c23296932,2,116216008,Traffic Jam,5.6,{'sport': True}
1bb2a53f7a054ae0ac78331fd9d3aa669230297a,2,116216008,Traffic Jam,5.6,{'sport': True}
2885fca03e1fa8b82783b2a502d4b70f40eefcda,2,116216008,Traffic Jam,5.6,{'sport': True}
6d0c0465288f349531d6607dea02580acaa2c3ff,2,116216008,Traffic Jam,5.6,{'sport': True}
c771288a2c8261a74a34e49c644e48276a5ac7d0,1,116216008,Traffic Jam,5.6,{'sport': True}
f7a07b53030207cb4d4a46aeb36086bf0d04fd9c,1,116216008,Traffic Jam,5.6,{'sport': True}
9472f4c3c54fad9e5809dee1410462f19a876a83,4,116215994,Stellar Slab,5.11a,{'sport': True}
756dff3c706c66e1890526251e72e1e2e04efd13,4,116215994,Stellar Slab,5.11a,{'sport': True}
2451204e9ba6f0bec3b2a526356b21c769c1a513,4,116215994,Stellar Slab,5.11a,{'sport': True}
9400b9e279f4595bd01564a3b88971d52493733d,3,116215994,Stellar Slab,5.11a,{'sport': True}
19f209ad79ec6ecf5b385ec73ddb233239e014b4,3,116215994,Stellar Slab,5.11a,{'sport': True}
0c066c600c370a8badd3d914d20be22c16595eaf,3,116215994,Stellar Slab,5.11a,{'sport': True}
d0816abb9ec118085ea275c4d881436a72bcfbe0,3,116215994,Stellar Slab,5.11a,{'sport': True}
19c932803568fed5b60d18d72afed45c49694321,3,116215994,Stellar Slab,5.11a,{'sport': True}
82036288d93e6f908f44de26cc8c456f67510013,3,116215994,Stellar Slab,5.11a,{'sport': True}
1bb2a53f7a054ae0ac78331fd9d3aa669230297a,3,116215994,Stellar Slab,5.11a,{'sport': True}
2885fca03e1fa8b82783b2a502d4b70f40eefcda,3,116215994,Stellar Slab,5.11a,{'sport': True}
1b935c994cbdac9ca3d9db71f0c918f78f6e7514,3,116215994,Stellar Slab,5.11a,{'sport': True}
126b5f959af141e1470547c8ec0e39945d91afa5,2,116215994,Stellar Slab,5.11a,{'sport': True}
a06e083b321045a4d820896f04def0e3399aebbb,2,116215994,Stellar Slab,5.11a,{'sport': True}
d38fbb6de8d24b5a76b91ba90192c36539081733,2,116215994,Stellar Slab,5.11a,{'sport': True}
50a79261cd7041ade17f7f2543ba06243b60c8cb,2,116215994,Stellar Slab,5.11a,{'sport': True}
14cf480531356a32ddf62ede554a07a36f9bfb87,2,116215994,Stellar Slab,5.11a,{'sport': True}
a06e083b321045a4d820896f04def0e3399aebbb,3,116227365,The Flake,5.11,"{'trad': True, 'tr': True}"
5033c67fe0e47d4aa326cdc30473aff47fb35e8e,3,116227365,The Flake,5.11,"{'trad': True, 'tr': True}"
126b5f959af141e1470547c8ec0e39945d91afa5,3,116227365,The Flake,5.11,"{'trad': True, 'tr': True}"
2451204e9ba6f0bec3b2a526356b21c769c1a513,3,116227365,The Flake,5.11,"{'trad': True, 'tr': True}"
1bb2a53f7a054ae0ac78331fd9d3aa669230297a,3,116227365,The Flake,5.11,"{'trad': True, 'tr': True}"
2885fca03e1fa8b82783b2a502d4b70f40eefcda,3,116227365,The Flake,5.11,"{'trad': True, 'tr': True}"
68ff5976756c59727433829c49338df3a02cc9d3,3,116227365,The Flake,5.11,"{'trad': True, 'tr': True}"
d38fbb6de8d24b5a76b91ba90192c36539081733,2,116227365,The Flake,5.11,"{'trad': True, 'tr': True}"
82036288d93e6f908f44de26cc8c456f67510013,2,116227365,The Flake,5.11,"{'trad': True, 'tr': True}"
68ff5976756c59727433829c49338df3a02cc9d3,2,119132892,Slab and Punishment,5.10b,"{'trad': True, 'tr': True}"
74376c76ccb0e1d97cb27cd28b84bcb26c875d13,2,119132892,Slab and Punishment,5.10b,"{'trad': True, 'tr': True}"
74376c76ccb0e1d97cb27cd28b84bcb26c875d13,4,116233546,Paco's Slab,5.10a,"{'trad': True, 'tr': True}"
9472f4c3c54fad9e5809dee1410462f19a876a83,4,116233546,Paco's Slab,5.10a,"{'trad': True, 'tr': True}"
1b935c994cbdac9ca3d9db71f0c918f78f6e7514,3,116233546,Paco's Slab,5.10a,"{'trad': True, 'tr': True}"
a06e083b321045a4d820896f04def0e3399aebbb,2,116233546,Paco's Slab,5.10a,"{'trad': True, 'tr': True}"
19f209ad79ec6ecf5b385ec73ddb233239e014b4,2,116233546,Paco's Slab,5.10a,"{'trad': True, 'tr': True}"
50a79261cd7041ade17f7f2543ba06243b60c8cb,2,116233546,Paco's Slab,5.10a,"{'trad': True, 'tr': True}"
14cf480531356a32ddf62ede554a07a36f9bfb87,2,116233546,Paco's Slab,5.10a,"{'trad': True, 'tr': True}"
50a79261cd7041ade17f7f2543ba06243b60c8cb,3,116233614,The Leaner,5.11a,"{'trad': True, 'tr': True}"
2885fca03e1fa8b82783b2a502d4b70f40eefcda,3,116233614,The Leaner,5.11a,"{'trad': True, 'tr': True}"
a06e083b321045a4d820896f04def0e3399aebbb,2,116233614,The Leaner,5.11a,"{'trad': True, 'tr': True}"
be6ada036d66726eede0237ad678640e53c974fe,1,116233614,The Leaner,5.11a,"{'trad': True, 'tr': True}"
2885fca03e1fa8b82783b2a502d4b70f40eefcda,2,118852904,Don’t Flake Out on Me,5.8,"{'trad': True, 'tr': True}"
68ff5976756c59727433829c49338df3a02cc9d3,2,119132811,Bloods and Crimps,5.11d,{'sport': True}
5499670f1580f6b96da93f27ded0e16b22f0227c,4,116228032,Similax Crack,5.10c,"{'trad': True, 'tr': True}"
68ff5976756c59727433829c49338df3a02cc9d3,4,116228032,Similax Crack,5.10c,"{'trad': True, 'tr': True}"
a06e083b321045a4d820896f04def0e3399aebbb,3,116228032,Similax Crack,5.10c,"{'trad': True, 'tr': True}"
126b5f959af141e1470547c8ec0e39945d91afa5,3,116228032,Similax Crack,5.10c,"{'trad': True, 'tr': True}"
6b052e8b0c47111b50e8007d9c37411ea545d04e,3,116228032,Similax Crack,5.10c,"{'trad': True, 'tr': True}"
9400b9e279f4595bd01564a3b88971d52493733d,3,116228032,Similax Crack,5.10c,"{'trad': True, 'tr': True}"
6d0c0465288f349531d6607dea02580acaa2c3ff,3,116228032,Similax Crack,5.10c,"{'trad': True, 'tr': True}"
50a79261cd7041ade17f7f2543ba06243b60c8cb,2,116228032,Similax Crack,5.10c,"{'trad': True, 'tr': True}"
54fbf5f3c23fd10e95e85b7ada67deff029adccd,2,116228032,Similax Crack,5.10c,"{'trad': True, 'tr': True}"
6d0c0465288f349531d6607dea02580acaa2c3ff,3,116227992,Grass Fed,5.8+,"{'trad': True, 'tr': True}"
9400b9e279f4595bd01564a3b88971d52493733d,3,116227992,Grass Fed,5.8+,"{'trad': True, 'tr': True}"
e72be12c24af5acd32b5b00e316a4bfb18cb30a2,3,116227992,Grass Fed,5.8+,"{'trad': True, 'tr': True}"
821042185e86dc99d7f1ca49db798e8198bc2416,3,116227992,Grass Fed,5.8+,"{'trad': True, 'tr': True}"
a2da0ba22dd822d3aa25aa02ba28c31f30838f67,3,116227992,Grass Fed,5.8+,"{'trad': True, 'tr': True}"
54f16ca3a810689650797b00a9caae50f6d7af6b,2,116227992,Grass Fed,5.8+,"{'trad': True, 'tr': True}"
51fb6f44a6b405fbf38846262b8e5e7e832c9a4d,2,116227992,Grass Fed,5.8+,"{'trad': True, 'tr': True}"
14cf480531356a32ddf62ede554a07a36f9bfb87,2,116227992,Grass Fed,5.8+,"{'trad': True, 'tr': True}"
f7a07b53030207cb4d4a46aeb36086bf0d04fd9c,2,116227992,Grass Fed,5.8+,"{'trad': True, 'tr': True}"
fcd6d5ff6b15bc6f5285b78139ae19370c63d80e,2,116227992,Grass Fed,5.8+,"{'trad': True, 'tr': True}"
1b935c994cbdac9ca3d9db71f0c918f78f6e7514,2,116227992,Grass Fed,5.8+,"{'trad': True, 'tr': True}"
2885fca03e1fa8b82783b2a502d4b70f40eefcda,2,116227992,Grass Fed,5.8+,"{'trad': True, 'tr': True}"
ca2af3acaed4eb3f3c881a93437df3062d30f551,2,116227992,Grass Fed,5.8+,"{'trad': True, 'tr': True}"
19f209ad79ec6ecf5b385ec73ddb233239e014b4,2,116227992,Grass Fed,5.8+,"{'trad': True, 'tr': True}"
a06e083b321045a4d820896f04def0e3399aebbb,2,116227992,Grass Fed,5.8+,"{'trad': True, 'tr': True}"
bb94074419010662f0a0cb6d61e5fd8c23296932,1,116227992,Grass Fed,5.8+,"{'trad': True, 'tr': True}"
74376c76ccb0e1d97cb27cd28b84bcb26c875d13,1,116227992,Grass Fed,5.8+,"{'trad': True, 'tr': True}"
cf374a5492a446c090d16b60a67b41fb4185589e,4,116227971,Free Ranged,5.11a,"{'sport': True, 'tr': True}"
a06e083b321045a4d820896f04def0e3399aebbb,3,116227971,Free Ranged,5.11a,"{'sport': True, 'tr': True}"
2451204e9ba6f0bec3b2a526356b21c769c1a513,3,116227971,Free Ranged,5.11a,"{'sport': True, 'tr': True}"
50a79261cd7041ade17f7f2543ba06243b60c8cb,3,116227971,Free Ranged,5.11a,"{'sport': True, 'tr': True}"
1bb2a53f7a054ae0ac78331fd9d3aa669230297a,3,116227971,Free Ranged,5.11a,"{'sport': True, 'tr': True}"
68ff5976756c59727433829c49338df3a02cc9d3,3,116227971,Free Ranged,5.11a,"{'sport': True, 'tr': True}"
9400b9e279f4595bd01564a3b88971d52493733d,3,116227971,Free Ranged,5.11a,"{'sport': True, 'tr': True}"
9400b9e279f4595bd01564a3b88971d52493733d,3,116227141,Daddy Day Care,5.8,{'trad': True}
1b922e761c00932705be9b326316d4c6ff4bb433,3,116227141,Daddy Day Care,5.8,{'trad': True}
e72be12c24af5acd32b5b00e316a4bfb18cb30a2,3,116227141,Daddy Day Care,5.8,{'trad': True}
51fb6f44a6b405fbf38846262b8e5e7e832c9a4d,3,116227141,Daddy Day Care,5.8,{'trad': True}
2451204e9ba6f0bec3b2a526356b21c769c1a513,3,116227141,Daddy Day Care,5.8,{'trad': True}
a06e083b321045a4d820896f04def0e3399aebbb,2,116227141,Daddy Day Care,5.8,{'trad': True}
68ff5976756c59727433829c49338df3a02cc9d3,2,116227141,Daddy Day Care,5.8,{'trad': True}
02f725bd9c3be656fac1865416be630cbb93256e,2,116227141,Daddy Day Care,5.8,{'trad': True}
ca2af3acaed4eb3f3c881a93437df3062d30f551,2,116227141,Daddy Day Care,5.8,{'trad': True}
0d00046297f1a9a9745ec6c61efe7e3abfa9a161,2,116227141,Daddy Day Care,5.8,{'trad': True}
1bb2a53f7a054ae0ac78331fd9d3aa669230297a,2,116227141,Daddy Day Care,5.8,{'trad': True}
1b935c994cbdac9ca3d9db71f0c918f78f6e7514,2,116227141,Daddy Day Care,5.8,{'trad': True}
a2da0ba22dd822d3aa25aa02ba28c31f30838f67,2,116227141,Daddy Day Care,5.8,{'trad': True}
19f209ad79ec6ecf5b385ec73ddb233239e014b4,2,116227141,Daddy Day Care,5.8,{'trad': True}
14cf480531356a32ddf62ede554a07a36f9bfb87,2,116227141,Daddy Day Care,5.8,{'trad': True}
6d0c0465288f349531d6607dea02580acaa2c3ff,2,116227141,Daddy Day Care,5.8,{'trad': True}
db4ffb923ea8d08a92937be3f26347a691fe2ed3,2,116868202,Briar Patch,5.3,{'trad': True}
9400b9e279f4595bd01564a3b88971d52493733d,2,116868202,Briar Patch,5.3,{'trad': True}
1b935c994cbdac9ca3d9db71f0c918f78f6e7514,1,116868202,Briar Patch,5.3,{'trad': True}
e6ec46e6fc951cc8e5042f9693499d72ab436613,1,116868202,Briar Patch,5.3,{'trad': True}
51fb6f44a6b405fbf38846262b8e5e7e832c9a4d,1,116868202,Briar Patch,5.3,{'trad': True}
14cf480531356a32ddf62ede554a07a36f9bfb87,1,116868202,Briar Patch,5.3,{'trad': True}
a06e083b321045a4d820896f04def0e3399aebbb,3,111373846,Wheelin' and Dealin',5.11,{'trad': True}
50a79261cd7041ade17f7f2543ba06243b60c8cb,3,111373846,Wheelin' and Dealin',5.11,{'trad': True}
35940b4f71c310af59e8ffbdfc2829b55dd146cc,4,116109672,Vomitous Maximus,5.12a,{'trad': True}
a06e083b321045a4d820896f04def0e3399aebbb,4,108603499,Stone Wall Action,5.11,{'trad': True}
126b5f959af141e1470547c8ec0e39945d91afa5,4,108603499,Stone Wall Action,5.11,{'trad': True}
68b782fdfbd9485f7db7f33a064ee09daa286b6b,4,108603499,Stone Wall Action,5.11,{'trad': True}
ea172cd6fd18fcb76bb0e4ab0701fc1a5410baaf,4,108603499,Stone Wall Action,5.11,{'trad': True}
1bb2a53f7a054ae0ac78331fd9d3aa669230297a,4,108603499,Stone Wall Action,5.11,{'trad': True}
e6f30147d7be47a520333a453587c47596437365,3,108603499,Stone Wall Action,5.11,{'trad': True}
a06e083b321045a4d820896f04def0e3399aebbb,4,113854035,Silent But Violent,5.11c,{'trad': True}
50a79261cd7041ade17f7f2543ba06243b60c8cb,3,113854035,Silent But Violent,5.11c,{'trad': True}
a06e083b321045a4d820896f04def0e3399aebbb,4,108515987,Peelin' Feelin',5.10c/d,{'trad': True}
4a19642ada2fc813d21467be41e7943657a2bd3e,4,108515987,Peelin' Feelin',5.10c/d,{'trad': True}
50a79261cd7041ade17f7f2543ba06243b60c8cb,3,108515987,Peelin' Feelin',5.10c/d,{'trad': True}
ea172cd6fd18fcb76bb0e4ab0701fc1a5410baaf,3,108536034,Feelin UR Out,5.10,{'trad': True}
a06e083b321045a4d820896f04def0e3399aebbb,2,108536034,Feelin UR Out,5.10,{'trad': True}
68ff5976756c59727433829c49338df3a02cc9d3,2,118720920,The Unhedral (aka Ladybug),5.11,"{'trad': True, 'tr': True}"
a06e083b321045a4d820896f04def0e3399aebbb,3,116227482,Rock Ninja,5.12,"{'trad': True, 'tr': True}"
a06e083b321045a4d820896f04def0e3399aebbb,4,116227552,Meth Face aka Shadow Boxing,5.12c,"{'trad': True, 'tr': True}"
68ff5976756c59727433829c49338df3a02cc9d3,2,117046934,Piece of Cake,5.6,{'trad': True}
52df64d88ebb8e319323c44d57b07ecb4953767c,2,117046934,Piece of Cake,5.6,{'trad': True}
51fb6f44a6b405fbf38846262b8e5e7e832c9a4d,2,117046934,Piece of Cake,5.6,{'trad': True}
74376c76ccb0e1d97cb27cd28b84bcb26c875d13,1,117046934,Piece of Cake,5.6,{'trad': True}
f7a07b53030207cb4d4a46aeb36086bf0d04fd9c,1,117046934,Piece of Cake,5.6,{'trad': True}
68ff5976756c59727433829c49338df3a02cc9d3,2,117523454,Microcosm,5.5,{'trad': True}
db4ffb923ea8d08a92937be3f26347a691fe2ed3,2,117523454,Microcosm,5.5,{'trad': True}
74376c76ccb0e1d97cb27cd28b84bcb26c875d13,2,117523454,Microcosm,5.5,{'trad': True}
51fb6f44a6b405fbf38846262b8e5e7e832c9a4d,2,117523454,Microcosm,5.5,{'trad': True}
a06e083b321045a4d820896f04def0e3399aebbb,4,116227188,Black Bug (aka The Dihedral),5.10+,{'trad': True}
68ff5976756c59727433829c49338df3a02cc9d3,4,116227188,Black Bug (aka The Dihedral),5.10+,{'trad': True}
d17f94747d0400a00a6544a23de25a758eb354f7,4,116227188,Black Bug (aka The Dihedral),5.10+,{'trad': True}
6b052e8b0c47111b50e8007d9c37411ea545d04e,4,116227188,Black Bug (aka The Dihedral),5.10+,{'trad': True}
48e77ae323ba8edacb072adfb944e0ff3bba9b2e,4,116227188,Black Bug (aka The Dihedral),5.10+,{'trad': True}
1aa45cc927775b9adbeb04de51b3b485247e2486,4,116227188,Black Bug (aka The Dihedral),5.10+,{'trad': True}
8914ced305ff003589435b8d69dfcf75b0f18d0c,4,116227188,Black Bug (aka The Dihedral),5.10+,{'trad': True}
ce049e504f5121ed86af577299c5bf835f3022f4,4,116227188,Black Bug (aka The Dihedral),5.10+,{'trad': True}
e72be12c24af5acd32b5b00e316a4bfb18cb30a2,4,116227188,Black Bug (aka The Dihedral),5.10+,{'trad': True}
126b5f959af141e1470547c8ec0e39945d91afa5,4,116227188,Black Bug (aka The Dihedral),5.10+,{'trad': True}
2885fca03e1fa8b82783b2a502d4b70f40eefcda,4,116227188,Black Bug (aka The Dihedral),5.10+,{'trad': True}
50a79261cd7041ade17f7f2543ba06243b60c8cb,4,116227188,Black Bug (aka The Dihedral),5.10+,{'trad': True}
19f209ad79ec6ecf5b385ec73ddb233239e014b4,4,116227188,Black Bug (aka The Dihedral),5.10+,{'trad': True}
19c932803568fed5b60d18d72afed45c49694321,3,116227188,Black Bug (aka The Dihedral),5.10+,{'trad': True}
5033c67fe0e47d4aa326cdc30473aff47fb35e8e,3,116227188,Black Bug (aka The Dihedral),5.10+,{'trad': True}
50a79261cd7041ade17f7f2543ba06243b60c8cb,2,116383794,unnamed,5.10-,{'sport': True}
74376c76ccb0e1d97cb27cd28b84bcb26c875d13,4,116527463,Bow and Narrow,5.8,{'trad': True}
68ff5976756c59727433829c49338df3a02cc9d3,3,116527463,Bow and Narrow,5.8,{'trad': True}
55a814a3fc9afe15f3be23b3e2a061220094398c,3,116527463,Bow and Narrow,5.8,{'trad': True}
b3580a9cea58d2eb48563306f551e02ca8763df9,2,116527463,Bow and Narrow,5.8,{'trad': True}
50a79261cd7041ade17f7f2543ba06243b60c8cb,1,116527463,Bow and Narrow,5.8,{'trad': True}
14cf480531356a32ddf62ede554a07a36f9bfb87,1,116527463,Bow and Narrow,5.8,{'trad': True}
50a79261cd7041ade17f7f2543ba06243b60c8cb,3,116242855,Archetype,5.11a,{'sport': True}
2885fca03e1fa8b82783b2a502d4b70f40eefcda,2,118879465,Unnamed 5.10,5.10,"{'trad': True, 'tr': True}"
2885fca03e1fa8b82783b2a502d4b70f40eefcda,1,118880299,Lackluster,5.6,"{'trad': True, 'tr': True}"
2885fca03e1fa8b82783b2a502d4b70f40eefcda,2,118879582,Get Bent,5.11-,"{'trad': True, 'tr': True}"
8914ced305ff003589435b8d69dfcf75b0f18d0c,4,116524224,Nose Over Your Toes,5.6,{'sport': True}
9400b9e279f4595bd01564a3b88971d52493733d,3,116524224,Nose Over Your Toes,5.6,{'sport': True}
55a814a3fc9afe15f3be23b3e2a061220094398c,3,116524224,Nose Over Your Toes,5.6,{'sport': True}
d0816abb9ec118085ea275c4d881436a72bcfbe0,3,116524224,Nose Over Your Toes,5.6,{'sport': True}
f7a07b53030207cb4d4a46aeb36086bf0d04fd9c,3,116524224,Nose Over Your Toes,5.6,{'sport': True}
2885fca03e1fa8b82783b2a502d4b70f40eefcda,3,116524224,Nose Over Your Toes,5.6,{'sport': True}
54fbf5f3c23fd10e95e85b7ada67deff029adccd,2,116524224,Nose Over Your Toes,5.6,{'sport': True}
83a29e073c93a64b20c851206ba832dd2851f465,2,116524224,Nose Over Your Toes,5.6,{'sport': True}
ca2af3acaed4eb3f3c881a93437df3062d30f551,2,116524224,Nose Over Your Toes,5.6,{'sport': True}
7fe713875d7de25529bd0ab3de8e32029267632d,2,116524224,Nose Over Your Toes,5.6,{'sport': True}
45caca2802cf026d9a4ea75f22704c5c5be33ac1,2,116524224,Nose Over Your Toes,5.6,{'sport': True}
e6ec46e6fc951cc8e5042f9693499d72ab436613,2,116524224,Nose Over Your Toes,5.6,{'sport': True}
1b935c994cbdac9ca3d9db71f0c918f78f6e7514,2,116524224,Nose Over Your Toes,5.6,{'sport': True}
2451204e9ba6f0bec3b2a526356b21c769c1a513,2,116524224,Nose Over Your Toes,5.6,{'sport': True}
db4ffb923ea8d08a92937be3f26347a691fe2ed3,2,116524224,Nose Over Your Toes,5.6,{'sport': True}
a2da0ba22dd822d3aa25aa02ba28c31f30838f67,2,116524224,Nose Over Your Toes,5.6,{'sport': True}
74376c76ccb0e1d97cb27cd28b84bcb26c875d13,2,116524224,Nose Over Your Toes,5.6,{'sport': True}
14cf480531356a32ddf62ede554a07a36f9bfb87,1,116524224,Nose Over Your Toes,5.6,{'sport': True}
2ecfd23907b815328e4c5a455605e451270b5820,3,118005185,Monkeys on Main,5.10a/b,{'trad': True}
a2da0ba22dd822d3aa25aa02ba28c31f30838f67,3,118005185,Monkeys on Main,5.10a/b,{'trad': True}
6179b5f3b93def990e9f6f27d14d293ca4d8b827,3,118005185,Monkeys on Main,5.10a/b,{'trad': True}
55a814a3fc9afe15f3be23b3e2a061220094398c,3,118005185,Monkeys on Main,5.10a/b,{'trad': True}
f7a07b53030207cb4d4a46aeb36086bf0d04fd9c,3,118005185,Monkeys on Main,5.10a/b,{'trad': True}
df4c93f6ea6cb20cf62a435d77347d3ee57edcef,3,118005185,Monkeys on Main,5.10a/b,{'trad': True}
9472f4c3c54fad9e5809dee1410462f19a876a83,3,118005185,Monkeys on Main,5.10a/b,{'trad': True}
1b935c994cbdac9ca3d9db71f0c918f78f6e7514,2,118005185,Monkeys on Main,5.10a/b,{'trad': True}
1bb2a53f7a054ae0ac78331fd9d3aa669230297a,2,118005185,Monkeys on Main,5.10a/b,{'trad': True}
74376c76ccb0e1d97cb27cd28b84bcb26c875d13,2,118005185,Monkeys on Main,5.10a/b,{'trad': True}
68ff5976756c59727433829c49338df3a02cc9d3,1,118005185,Monkeys on Main,5.10a/b,{'trad': True}
74376c76ccb0e1d97cb27cd28b84bcb26c875d13,3,116507382,How Do You Want Your Eggs,5.6,{'sport': True}
9472f4c3c54fad9e5809dee1410462f19a876a83,3,116507382,How Do You Want Your Eggs,5.6,{'sport': True}
55a814a3fc9afe15f3be23b3e2a061220094398c,3,116507382,How Do You Want Your Eggs,5.6,{'sport': True}
d0816abb9ec118085ea275c4d881436a72bcfbe0,3,116507382,How Do You Want Your Eggs,5.6,{'sport': True}
f7a07b53030207cb4d4a46aeb36086bf0d04fd9c,3,116507382,How Do You Want Your Eggs,5.6,{'sport': True}
83a29e073c93a64b20c851206ba832dd2851f465,3,116507382,How Do You Want Your Eggs,5.6,{'sport': True}
1b935c994cbdac9ca3d9db71f0c918f78f6e7514,3,116507382,How Do You Want Your Eggs,5.6,{'sport': True}
db4ffb923ea8d08a92937be3f26347a691fe2ed3,3,116507382,How Do You Want Your Eggs,5.6,{'sport': True}
45caca2802cf026d9a4ea75f22704c5c5be33ac1,3,116507382,How Do You Want Your Eggs,5.6,{'sport': True}
a2da0ba22dd822d3aa25aa02ba28c31f30838f67,3,116507382,How Do You Want Your Eggs,5.6,{'sport': True}
0c066c600c370a8badd3d914d20be22c16595eaf,3,116507382,How Do You Want Your Eggs,5.6,{'sport': True}
9400b9e279f4595bd01564a3b88971d52493733d,2,116507382,How Do You Want Your Eggs,5.6,{'sport': True}
1bb2a53f7a054ae0ac78331fd9d3aa669230297a,2,116507382,How Do You Want Your Eggs,5.6,{'sport': True}
2451204e9ba6f0bec3b2a526356b21c769c1a513,2,116507382,How Do You Want Your Eggs,5.6,{'sport': True}
e6ec46e6fc951cc8e5042f9693499d72ab436613,2,116507382,How Do You Want Your Eggs,5.6,{'sport': True}
ca2af3acaed4eb3f3c881a93437df3062d30f551,2,116507382,How Do You Want Your Eggs,5.6,{'sport': True}
0f8fb7f4aa6aca71f333c65cf9866f6f9b9474a2,1,116507382,How Do You Want Your Eggs,5.6,{'sport': True}
51fb6f44a6b405fbf38846262b8e5e7e832c9a4d,3,116771783,Girdle Traverse,5.5,{'trad': True}
db4ffb923ea8d08a92937be3f26347a691fe2ed3,2,116771783,Girdle Traverse,5.5,{'trad': True}
2451204e9ba6f0bec3b2a526356b21c769c1a513,2,116771783,Girdle Traverse,5.5,{'trad': True}
8914ced305ff003589435b8d69dfcf75b0f18d0c,4,116524235,Beginner Route,5.4,{'sport': True}
45d615d45126eae3238610e5a85175345e32d7d2,4,116524235,Beginner Route,5.4,{'sport': True}
9400b9e279f4595bd01564a3b88971d52493733d,3,116524235,Beginner Route,5.4,{'sport': True}
55a814a3fc9afe15f3be23b3e2a061220094398c,2,116524235,Beginner Route,5.4,{'sport': True}
d0816abb9ec118085ea275c4d881436a72bcfbe0,2,116524235,Beginner Route,5.4,{'sport': True}
e9b7cefc7fbd901869e7011062a679e943c51285,2,116524235,Beginner Route,5.4,{'sport': True}
83a29e073c93a64b20c851206ba832dd2851f465,2,116524235,Beginner Route,5.4,{'sport': True}
ca2af3acaed4eb3f3c881a93437df3062d30f551,2,116524235,Beginner Route,5.4,{'sport': True}
7fe713875d7de25529bd0ab3de8e32029267632d,2,116524235,Beginner Route,5.4,{'sport': True}
e6ec46e6fc951cc8e5042f9693499d72ab436613,2,116524235,Beginner Route,5.4,{'sport': True}
1b935c994cbdac9ca3d9db71f0c918f78f6e7514,2,116524235,Beginner Route,5.4,{'sport': True}
2451204e9ba6f0bec3b2a526356b21c769c1a513,2,116524235,Beginner Route,5.4,{'sport': True}
db4ffb923ea8d08a92937be3f26347a691fe2ed3,2,116524235,Beginner Route,5.4,{'sport': True}
1bb2a53f7a054ae0ac78331fd9d3aa669230297a,1,116524235,Beginner Route,5.4,{'sport': True}
14cf480531356a32ddf62ede554a07a36f9bfb87,1,116524235,Beginner Route,5.4,{'sport': True}
f7a07b53030207cb4d4a46aeb36086bf0d04fd9c,1,116524235,Beginner Route,5.4,{'sport': True}
c297ab685db0720f5b1ad66aef0b5d231aaa1ff1,1,116524235,Beginner Route,5.4,{'sport': True}
54fbf5f3c23fd10e95e85b7ada67deff029adccd,1,116524235,Beginner Route,5.4,{'sport': True}
45caca2802cf026d9a4ea75f22704c5c5be33ac1,1,116524235,Beginner Route,5.4,{'sport': True}
74376c76ccb0e1d97cb27cd28b84bcb26c875d13,1,116524235,Beginner Route,5.4,{'sport': True}
9dfeacfc787e94a38a32439a6bdc3a3d69fd25fb,3,116524214,Ant In My Pants,5.10,{'sport': True}
1b935c994cbdac9ca3d9db71f0c918f78f6e7514,3,116524214,Ant In My Pants,5.10,{'sport': True}
68ff5976756c59727433829c49338df3a02cc9d3,3,116524214,Ant In My Pants,5.10,{'sport': True}
8914ced305ff003589435b8d69dfcf75b0f18d0c,3,116524214,Ant In My Pants,5.10,{'sport': True}
55a814a3fc9afe15f3be23b3e2a061220094398c,3,116524214,Ant In My Pants,5.10,{'sport': True}
45caca2802cf026d9a4ea75f22704c5c5be33ac1,3,116524214,Ant In My Pants,5.10,{'sport': True}
83a29e073c93a64b20c851206ba832dd2851f465,3,116524214,Ant In My Pants,5.10,{'sport': True}
f7a07b53030207cb4d4a46aeb36086bf0d04fd9c,3,116524214,Ant In My Pants,5.10,{'sport': True}
74376c76ccb0e1d97cb27cd28b84bcb26c875d13,2,116524214,Ant In My Pants,5.10,{'sport': True}
0c066c600c370a8badd3d914d20be22c16595eaf,2,116524214,Ant In My Pants,5.10,{'sport': True}
2451204e9ba6f0bec3b2a526356b21c769c1a513,2,116524214,Ant In My Pants,5.10,{'sport': True}
ca2af3acaed4eb3f3c881a93437df3062d30f551,2,116524214,Ant In My Pants,5.10,{'sport': True}
14cf480531356a32ddf62ede554a07a36f9bfb87,1,116524214,Ant In My Pants,5.10,{'sport': True}
2885fca03e1fa8b82783b2a502d4b70f40eefcda,1,116524214,Ant In My Pants,5.10,{'sport': True}
1bb2a53f7a054ae0ac78331fd9d3aa669230297a,1,116524214,Ant In My Pants,5.10,{'sport': True}
a06e083b321045a4d820896f04def0e3399aebbb,3,116216049,Aretection,5.10d,{'trad': True}
14cf480531356a32ddf62ede554a07a36f9bfb87,3,116216049,Aretection,5.10d,{'trad': True}
6b052e8b0c47111b50e8007d9c37411ea545d04e,3,116216049,Aretection,5.10d,{'trad': True}
50a79261cd7041ade17f7f2543ba06243b60c8cb,2,116216049,Aretection,5.10d,{'trad': True}
126b5f959af141e1470547c8ec0e39945d91afa5,2,116216049,Aretection,5.10d,{'trad': True}
1bb2a53f7a054ae0ac78331fd9d3aa669230297a,1,116569781,So Low,5.7,{'trad': True}
2451204e9ba6f0bec3b2a526356b21c769c1a513,1,116569781,So Low,5.7,{'trad': True}
db4ffb923ea8d08a92937be3f26347a691fe2ed3,1,116569781,So Low,5.7,{'trad': True}
36c830548f01b00481b150ad7b66e759192bbc23,1,116569781,So Low,5.7,{'trad': True}
68ff5976756c59727433829c49338df3a02cc9d3,1,116569781,So Low,5.7,{'trad': True}
