users,ratings,route_id,name,grade,type
e2db92961a806a803f720e39aef45692acfaa755,4.0,114088549,Who Stole Your Shoes,5.8,{'trad': True}
e2db92961a806a803f720e39aef45692acfaa755,4.0,114088529,Sergeant's Fingerline Crack,5.7,{'trad': True}
0c8d85575283704f813654cedfd03b806c91fc25,3.0,106369511,Stoke the Locals,5.9+,"{'trad': True, 'tr': True}"
0969be512ffc7af247b78a1fa5dd7037157d0d53,2.0,106369511,Stoke the Locals,5.9+,"{'trad': True, 'tr': True}"
0e493fc44005333b78b2dbe7b165ebb7fbeb7541,2.0,106369511,Stoke the Locals,5.9+,"{'trad': True, 'tr': True}"
46525c89d4bc32d1ffe0aaa4ec048a4a0edc4f39,2.0,106369511,Stoke the Locals,5.9+,"{'trad': True, 'tr': True}"
c7722e9eff2fb3a77280466b6133604fd6b0ba20,1.0,106369511,Stoke the Locals,5.9+,"{'trad': True, 'tr': True}"
86719bd518e99e6d52bb7017b978d849d4d618ac,3.0,106369495,Raincoats and Candles,5.7,"{'trad': True, 'tr': True}"
a1aadc68ea80693432be6600d72d5bc39dfc9dd6,3.0,106369519,5.3,5.6,"{'trad': True, 'tr': True}"
d3a32967eb57e0821c17173d0f429bc2462cbb7e,3.0,106369519,5.3,5.6,"{'trad': True, 'tr': True}"
c7722e9eff2fb3a77280466b6133604fd6b0ba20,2.0,106369519,5.3,5.6,"{'trad': True, 'tr': True}"
46525c89d4bc32d1ffe0aaa4ec048a4a0edc4f39,2.0,106369519,5.3,5.6,"{'trad': True, 'tr': True}"
7d9515e156ee51b255edf4926b7b3e516ecda08e,2.0,106369519,5.3,5.6,"{'trad': True, 'tr': True}"
0e493fc44005333b78b2dbe7b165ebb7fbeb7541,1.0,106369519,5.3,5.6,"{'trad': True, 'tr': True}"
0c8d85575283704f813654cedfd03b806c91fc25,1.0,106369519,5.3,5.6,"{'trad': True, 'tr': True}"
0969be512ffc7af247b78a1fa5dd7037157d0d53,2.0,106369505,Chin Chaver,5.10a,"{'trad': True, 'tr': True}"
0c8d85575283704f813654cedfd03b806c91fc25,2.0,106369505,Chin Chaver,5.10a,"{'trad': True, 'tr': True}"
c7722e9eff2fb3a77280466b6133604fd6b0ba20,1.0,106369505,Chin Chaver,5.10a,"{'trad': True, 'tr': True}"
0e493fc44005333b78b2dbe7b165ebb7fbeb7541,1.0,106369505,Chin Chaver,5.10a,"{'trad': True, 'tr': True}"
166880f451c8422c2f721d67bd767a3040c6bb1d,4.0,114056510,Lead Roof,5.7,"{'trad': True, 'tr': True}"
e2db92961a806a803f720e39aef45692acfaa755,4.0,114129870,Watchung Direct,,"{'trad': True, 'aid': True}"
e2db92961a806a803f720e39aef45692acfaa755,3.0,114088511,Monumental Scramble,5.1,{'trad': True}
e2db92961a806a803f720e39aef45692acfaa755,3.0,114088523,Micky's Run,5.4,{'trad': True}
6a7b11606d9596b5f11b120d5daa9b3d7e4bff94,2.0,114088523,Micky's Run,5.4,{'trad': True}
e2db92961a806a803f720e39aef45692acfaa755,2.0,114088569,Joey Ate Lichen,5.7,{'trad': True}
e2db92961a806a803f720e39aef45692acfaa755,4.0,114088534,High Point Face,5.6,{'trad': True}
01547219d50786f28ea5c17c2da997a48d97d36a,3.0,114088534,High Point Face,5.6,{'trad': True}
e2db92961a806a803f720e39aef45692acfaa755,4.0,114088562,Chrissy's Bowl,5.8,{'trad': True}
e2db92961a806a803f720e39aef45692acfaa755,3.0,118772790,Zombie Ranger,5.5,{'trad': True}
e2db92961a806a803f720e39aef45692acfaa755,3.0,115789706,Warpath,5.11b,{'trad': True}
dcb48442d6e972116243c3872d6b5ff2338baae9,4.0,106411628,Triumverate,5.4,{'trad': True}
274cf2778e779e93b4047189c3087f38e0c1f404,4.0,106411628,Triumverate,5.4,{'trad': True}
bfd112726b5debcf2eadf4ffa0b0c55e431e54ed,4.0,106411628,Triumverate,5.4,{'trad': True}
d16f59566c36a3b25caf52884b02618f94ba9ac3,4.0,106411628,Triumverate,5.4,{'trad': True}
a9c7e4e7dffc8b3a9db34d92b30488b166194a38,4.0,106411628,Triumverate,5.4,{'trad': True}
7763113b0f16c2f07e5929642185b16f1f7f1243,4.0,106411628,Triumverate,5.4,{'trad': True}
aa36be269af3a5ee19c98e8abfa7579cb0340312,4.0,106411628,Triumverate,5.4,{'trad': True}
b44f194555d64138897a1a5dde9cf0a3340a138e,4.0,106411628,Triumverate,5.4,{'trad': True}
dac61f3a56a065708b2205f2250d8b762d34d9c0,4.0,106411628,Triumverate,5.4,{'trad': True}
b5b8ae1a3362cc5d6899485bcb5eff229267d1c2,4.0,106411628,Triumverate,5.4,{'trad': True}
87821657818fd4ec0881556f03b065817d204414,4.0,106411628,Triumverate,5.4,{'trad': True}
e2db92961a806a803f720e39aef45692acfaa755,4.0,106411628,Triumverate,5.4,{'trad': True}
caf231fdb5fd41aff81e4253306707d0fbe37d02,4.0,106411628,Triumverate,5.4,{'trad': True}
263f374765cc3ead6a6d33c6a0b8244041bac0a9,4.0,106411628,Triumverate,5.4,{'trad': True}
ab88bf14e5e1a5ccb0f4ad3a74dbede6fee3782f,3.0,106411628,Triumverate,5.4,{'trad': True}
6589b0bef7b018bcffa5ddd6fd934d0010ac7ad2,3.0,106411628,Triumverate,5.4,{'trad': True}
9a743901467e40c98ce7e3ca3427b279bee27ee3,3.0,106411628,Triumverate,5.4,{'trad': True}
bec87815157fecb5c67973a0db821c4e1c5aac8d,3.0,106411628,Triumverate,5.4,{'trad': True}
5e659e0d5dc2f47f907cb8ab469c2fa271d38f1b,3.0,106411628,Triumverate,5.4,{'trad': True}
76960f421da1adfb8b62bb70925bf841ad2ae3a6,3.0,106411628,Triumverate,5.4,{'trad': True}
da25ad43dbb780c961c2f50a1a13207bd61ee50f,3.0,106411628,Triumverate,5.4,{'trad': True}
d34cc5c1a7226ac8af9a73745af431151d4b0f83,3.0,106411628,Triumverate,5.4,{'trad': True}
4d5153c66370ce4a10b64784895c472d51c5998a,3.0,106411628,Triumverate,5.4,{'trad': True}
dc55e77411078060797553999839ca0c774ac76f,3.0,106411628,Triumverate,5.4,{'trad': True}
148a3e2e26028debfc473b2208804c6151d762db,3.0,106411628,Triumverate,5.4,{'trad': True}
77fd282489866ab5122cb6afdef46206ed81143b,3.0,106411628,Triumverate,5.4,{'trad': True}
cd773db1eb6ebd0cbdc14e5f88e78f08cafae079,3.0,106411628,Triumverate,5.4,{'trad': True}
304776687556531a33ec3b882afa0f090dce8ffc,3.0,106411628,Triumverate,5.4,{'trad': True}
d291ca5b699b58751d8410aa6f4d7c1598012159,3.0,106411628,Triumverate,5.4,{'trad': True}
74e2ebede82cbf5ebd003c36df49ff421ed85d66,3.0,106411628,Triumverate,5.4,{'trad': True}
dd7d065e0bd5473004cc5340c81583f9947d7512,3.0,106411628,Triumverate,5.4,{'trad': True}
c5e1fa749568a191dbd640798a5c68d8c42c6c11,3.0,106411628,Triumverate,5.4,{'trad': True}
4c2814b45c3c685f2ff4d325c4cd133d1de84587,3.0,106411628,Triumverate,5.4,{'trad': True}
64f1ca689245e39a9d9f158cf2e8f1855ec54af7,3.0,106411628,Triumverate,5.4,{'trad': True}
790dc684f1bdc58563ff204ef4ef88779b0d2b2a,3.0,106411628,Triumverate,5.4,{'trad': True}
3c23c93bac1617e743e13f2e40744613a2d27381,3.0,106411628,Triumverate,5.4,{'trad': True}
b80daab5d498a49f0a1ee48659c2dcdc428b9191,3.0,106411628,Triumverate,5.4,{'trad': True}
e75be5f08b2fd63f2b6cd67316bc250cf462de9c,2.0,106411628,Triumverate,5.4,{'trad': True}
ac958cc555c3347f3bc7a1371955d6b492d38b9d,2.0,106411628,Triumverate,5.4,{'trad': True}
26899dd8782e4b2cd4d353ffbd4bb38a1dd50a67,2.0,106411628,Triumverate,5.4,{'trad': True}
19ec479618f94202d39071671551c88067d3ef01,2.0,106411628,Triumverate,5.4,{'trad': True}
281b470de93d8a2eeb007c79ba2eb88ffddb3ffa,2.0,106411628,Triumverate,5.4,{'trad': True}
c6b427393a371d29132270b7697b8304861ff845,2.0,106411628,Triumverate,5.4,{'trad': True}
4905952e62540c380ed0c4498ef5aa3fa61f481a,2.0,106411628,Triumverate,5.4,{'trad': True}
0969be512ffc7af247b78a1fa5dd7037157d0d53,2.0,106411628,Triumverate,5.4,{'trad': True}
7bb8e99ecf908866032630495b5df2d60578fca4,2.0,106411628,Triumverate,5.4,{'trad': True}
adfdd7a33ca9b0ee30f24ba1ed8fa12a39bebac1,2.0,106411628,Triumverate,5.4,{'trad': True}
b19c86d69fe483547157970002265ec592c097be,2.0,106411628,Triumverate,5.4,{'trad': True}
18db46424457865af13c1bd4bfd5c693c2e78220,2.0,106411628,Triumverate,5.4,{'trad': True}
833213d6b64e39f108aec8266bd5e7bd02630f4e,2.0,106411628,Triumverate,5.4,{'trad': True}
d6c7fbd12d5c1fdda5eb0f9e9edb38b9b1b807a2,2.0,106411628,Triumverate,5.4,{'trad': True}
996b0c17ff39b2d3ce701c17e6418706ce73073b,2.0,106411628,Triumverate,5.4,{'trad': True}
a67d22128bedcaf09be25f8b2324c74f056bd8a5,1.0,106411628,Triumverate,5.4,{'trad': True}
ec377f7da2089bcb3d1c5ffba17926ba1625039c,1.0,106411628,Triumverate,5.4,{'trad': True}
c5355edeeff3008d914eb3382334ac89e014dc6c,1.0,106411628,Triumverate,5.4,{'trad': True}
d3987f4653a951e818291a2e086bd847844f2856,1.0,106411628,Triumverate,5.4,{'trad': True}
be415eb780eb4c3808f880c252be9d81086d36a1,1.0,106411628,Triumverate,5.4,{'trad': True}
e2db92961a806a803f720e39aef45692acfaa755,2.0,115789290,Water Gap Waltz,5.8+,{'trad': True}
e2db92961a806a803f720e39aef45692acfaa755,1.0,115789274,Squeezebox,5.2,{'trad': True}
e2db92961a806a803f720e39aef45692acfaa755,3.0,114131219,Scrabble,5.2,{'trad': True}
e2db92961a806a803f720e39aef45692acfaa755,3.0,114131209,Little Shop of Horrors,5.8,{'trad': True}
833213d6b64e39f108aec8266bd5e7bd02630f4e,2.0,114131209,Little Shop of Horrors,5.8,{'trad': True}
e2db92961a806a803f720e39aef45692acfaa755,4.0,114094443,Mt.Tammany Southwest Face,5.3,"{'trad': True, 'mixed': True, 'ice': True, 'snow': True}"
e2db92961a806a803f720e39aef45692acfaa755,2.0,115790317,Toy Box,5.10b,{'trad': True}
833213d6b64e39f108aec8266bd5e7bd02630f4e,3.0,110328958,Tammany Girdle (Incomplete),5.8+,{'trad': True}
22d8634ecc58da705a2ef174752018179bd86f7c,2.0,109297502,Premature Exasperation,5.11,"{'trad': True, 'tr': True}"
274cf2778e779e93b4047189c3087f38e0c1f404,2.0,109297502,Premature Exasperation,5.11,"{'trad': True, 'tr': True}"
274cf2778e779e93b4047189c3087f38e0c1f404,2.0,109290575,JG/The Chiseler,5.4,{'trad': True}
4d5153c66370ce4a10b64784895c472d51c5998a,2.0,109290575,JG/The Chiseler,5.4,{'trad': True}
f839f7709e7611a1010b35b85212cc44d40aecc7,2.0,108504228,Highway to Hell,5.8-,{'trad': True}
274cf2778e779e93b4047189c3087f38e0c1f404,2.0,108504228,Highway to Hell,5.8-,{'trad': True}
274cf2778e779e93b4047189c3087f38e0c1f404,4.0,109286001,Dead Man's Curve,5.8+,{'trad': True}
e54b9d66016bdd080613296a552b1e5895e742b4,3.0,109286001,Dead Man's Curve,5.8+,{'trad': True}
fb2c65ec17a18ec9773e474db1846c83b255625d,3.0,109286023,Another Roadside Attraction,5.7,{'trad': True}
274cf2778e779e93b4047189c3087f38e0c1f404,2.0,109286023,Another Roadside Attraction,5.7,{'trad': True}
22d8634ecc58da705a2ef174752018179bd86f7c,2.0,109286023,Another Roadside Attraction,5.7,{'trad': True}
8c583a39e2e33043d82ce7514f948cae4236a7a0,1.0,109286023,Another Roadside Attraction,5.7,{'trad': True}
e2db92961a806a803f720e39aef45692acfaa755,2.0,115790303,Sunshine,5.6,{'trad': True}
e2db92961a806a803f720e39aef45692acfaa755,1.0,115790288,Short Circuit,5.8,{'trad': True}
e2db92961a806a803f720e39aef45692acfaa755,2.0,115790280,Real World,5.8,{'trad': True}
e2db92961a806a803f720e39aef45692acfaa755,3.0,118772852,Lost Jersey Boys,5.10a,{'trad': True}
e2db92961a806a803f720e39aef45692acfaa755,1.0,115790258,Crayola Crack,5.7,{'trad': True}
e2db92961a806a803f720e39aef45692acfaa755,2.0,114131194,Four Play,5.4,{'trad': True}
e2db92961a806a803f720e39aef45692acfaa755,3.0,114131249,Trapeze,5.8,{'trad': True}
e2db92961a806a803f720e39aef45692acfaa755,1.0,114131255,Trapdoor Chimney,5.4,{'trad': True}
833213d6b64e39f108aec8266bd5e7bd02630f4e,1.0,114131255,Trapdoor Chimney,5.4,{'trad': True}
304776687556531a33ec3b882afa0f090dce8ffc,1.0,114131255,Trapdoor Chimney,5.4,{'trad': True}
e2db92961a806a803f720e39aef45692acfaa755,3.0,114131239,The Hangman,5.7,{'trad': True}
e2db92961a806a803f720e39aef45692acfaa755,3.0,114131264,Gymnastical Jazz,5.9+,{'trad': True}
e2db92961a806a803f720e39aef45692acfaa755,4.0,106411623,Tanemund,5.6,{'trad': True}
87821657818fd4ec0881556f03b065817d204414,4.0,106411623,Tanemund,5.6,{'trad': True}
dd7d065e0bd5473004cc5340c81583f9947d7512,3.0,106411623,Tanemund,5.6,{'trad': True}
304776687556531a33ec3b882afa0f090dce8ffc,3.0,106411623,Tanemund,5.6,{'trad': True}
534b97a16e5735112e7e20d7cba8bc122a20fb1b,3.0,106411623,Tanemund,5.6,{'trad': True}
e42fd1bed45746359aced51a4dcea2cff890cd1c,2.0,106411623,Tanemund,5.6,{'trad': True}
e81ccdf1b4e5bf6f4c8bd8dffa1315df9af345e6,2.0,106411623,Tanemund,5.6,{'trad': True}
d34cc5c1a7226ac8af9a73745af431151d4b0f83,2.0,106411623,Tanemund,5.6,{'trad': True}
d6c7fbd12d5c1fdda5eb0f9e9edb38b9b1b807a2,2.0,106411623,Tanemund,5.6,{'trad': True}
274cf2778e779e93b4047189c3087f38e0c1f404,2.0,106411623,Tanemund,5.6,{'trad': True}
0969be512ffc7af247b78a1fa5dd7037157d0d53,2.0,106411623,Tanemund,5.6,{'trad': True}
833213d6b64e39f108aec8266bd5e7bd02630f4e,2.0,106411623,Tanemund,5.6,{'trad': True}
cd773db1eb6ebd0cbdc14e5f88e78f08cafae079,2.0,106411623,Tanemund,5.6,{'trad': True}
87821657818fd4ec0881556f03b065817d204414,4.0,106411619,Shadow Line,5.6,{'trad': True}
ec377f7da2089bcb3d1c5ffba17926ba1625039c,3.0,106411619,Shadow Line,5.6,{'trad': True}
e2db92961a806a803f720e39aef45692acfaa755,3.0,106411619,Shadow Line,5.6,{'trad': True}
286c07bf66320d9b30ad3962fbd12ad0aee3224a,3.0,106411619,Shadow Line,5.6,{'trad': True}
dac61f3a56a065708b2205f2250d8b762d34d9c0,3.0,106411619,Shadow Line,5.6,{'trad': True}
eb946dcc3955021f115e7f9ba1f4688e30eff30f,3.0,106411619,Shadow Line,5.6,{'trad': True}
b44f194555d64138897a1a5dde9cf0a3340a138e,3.0,106411619,Shadow Line,5.6,{'trad': True}
f93fba7c57a2aca38383aade2d2334683e70a607,3.0,106411619,Shadow Line,5.6,{'trad': True}
d34cc5c1a7226ac8af9a73745af431151d4b0f83,2.0,106411619,Shadow Line,5.6,{'trad': True}
274cf2778e779e93b4047189c3087f38e0c1f404,2.0,106411619,Shadow Line,5.6,{'trad': True}
cd773db1eb6ebd0cbdc14e5f88e78f08cafae079,2.0,106411619,Shadow Line,5.6,{'trad': True}
c5355edeeff3008d914eb3382334ac89e014dc6c,2.0,106411619,Shadow Line,5.6,{'trad': True}
74e2ebede82cbf5ebd003c36df49ff421ed85d66,2.0,106411619,Shadow Line,5.6,{'trad': True}
304776687556531a33ec3b882afa0f090dce8ffc,2.0,106411619,Shadow Line,5.6,{'trad': True}
fccdadcca5f9666bb45be46dc787ae265c657bd7,1.0,106411619,Shadow Line,5.6,{'trad': True}
b5b8ae1a3362cc5d6899485bcb5eff229267d1c2,4.0,106411652,The Rib,5.3,{'trad': True}
a0fbbc139d9bcd2583eb09451ef853877a7f8df8,4.0,106411652,The Rib,5.3,{'trad': True}
b94c3626f5cfcf914ddd5de4f68d7e213554dc52,4.0,106411652,The Rib,5.3,{'trad': True}
bfd112726b5debcf2eadf4ffa0b0c55e431e54ed,4.0,106411652,The Rib,5.3,{'trad': True}
790dc684f1bdc58563ff204ef4ef88779b0d2b2a,4.0,106411652,The Rib,5.3,{'trad': True}
e78209e3923ca68397d0d5ac6dff0cbd286970ff,4.0,106411652,The Rib,5.3,{'trad': True}
f839f7709e7611a1010b35b85212cc44d40aecc7,4.0,106411652,The Rib,5.3,{'trad': True}
b44f194555d64138897a1a5dde9cf0a3340a138e,4.0,106411652,The Rib,5.3,{'trad': True}
dd7d065e0bd5473004cc5340c81583f9947d7512,4.0,106411652,The Rib,5.3,{'trad': True}
e2db92961a806a803f720e39aef45692acfaa755,4.0,106411652,The Rib,5.3,{'trad': True}
caf231fdb5fd41aff81e4253306707d0fbe37d02,4.0,106411652,The Rib,5.3,{'trad': True}
dc55e77411078060797553999839ca0c774ac76f,4.0,106411652,The Rib,5.3,{'trad': True}
2cacec9cee85cd8f729c5a2844b9c4419fbfdd46,3.0,106411652,The Rib,5.3,{'trad': True}
77fd282489866ab5122cb6afdef46206ed81143b,3.0,106411652,The Rib,5.3,{'trad': True}
39e4f781a2314995525dc4cc0d72815587edbda2,3.0,106411652,The Rib,5.3,{'trad': True}
912dca2221fdfb4c37556c6fd4e7ba416c6d0d51,3.0,106411652,The Rib,5.3,{'trad': True}
0ec84d6415bb69cd4dd9368cadf54af7b5303f46,3.0,106411652,The Rib,5.3,{'trad': True}
4d5153c66370ce4a10b64784895c472d51c5998a,3.0,106411652,The Rib,5.3,{'trad': True}
4c2814b45c3c685f2ff4d325c4cd133d1de84587,3.0,106411652,The Rib,5.3,{'trad': True}
01547219d50786f28ea5c17c2da997a48d97d36a,3.0,106411652,The Rib,5.3,{'trad': True}
e5a8643c4618d6dc2816f888627a5abedffdadb9,3.0,106411652,The Rib,5.3,{'trad': True}
a9c7e4e7dffc8b3a9db34d92b30488b166194a38,3.0,106411652,The Rib,5.3,{'trad': True}
443770f417192cbf413c50387dda4dad57e42bf9,3.0,106411652,The Rib,5.3,{'trad': True}
a6c60fab676490c669cf6a94506770c5c7b2680c,3.0,106411652,The Rib,5.3,{'trad': True}
cd773db1eb6ebd0cbdc14e5f88e78f08cafae079,3.0,106411652,The Rib,5.3,{'trad': True}
64f1ca689245e39a9d9f158cf2e8f1855ec54af7,3.0,106411652,The Rib,5.3,{'trad': True}
d549675fa9dc8895179492b35748492c860db91f,3.0,106411652,The Rib,5.3,{'trad': True}
eb946dcc3955021f115e7f9ba1f4688e30eff30f,3.0,106411652,The Rib,5.3,{'trad': True}
b5c2c7d9458c02f64a624446c3a156a7ac0288d7,3.0,106411652,The Rib,5.3,{'trad': True}
9cff7a19bba0004918317ce43f7457a1977397bd,3.0,106411652,The Rib,5.3,{'trad': True}
d16f59566c36a3b25caf52884b02618f94ba9ac3,3.0,106411652,The Rib,5.3,{'trad': True}
b80daab5d498a49f0a1ee48659c2dcdc428b9191,3.0,106411652,The Rib,5.3,{'trad': True}
274cf2778e779e93b4047189c3087f38e0c1f404,3.0,106411652,The Rib,5.3,{'trad': True}
29546942176de275a8c179fb37dda5a6db9c1af9,3.0,106411652,The Rib,5.3,{'trad': True}
b19c86d69fe483547157970002265ec592c097be,3.0,106411652,The Rib,5.3,{'trad': True}
74e2ebede82cbf5ebd003c36df49ff421ed85d66,3.0,106411652,The Rib,5.3,{'trad': True}
5e659e0d5dc2f47f907cb8ab469c2fa271d38f1b,3.0,106411652,The Rib,5.3,{'trad': True}
18db46424457865af13c1bd4bfd5c693c2e78220,3.0,106411652,The Rib,5.3,{'trad': True}
defd94fcba76ec1d4b1babca1ef5e5d8d311f72a,3.0,106411652,The Rib,5.3,{'trad': True}
d291ca5b699b58751d8410aa6f4d7c1598012159,3.0,106411652,The Rib,5.3,{'trad': True}
dcb48442d6e972116243c3872d6b5ff2338baae9,3.0,106411652,The Rib,5.3,{'trad': True}
aa36be269af3a5ee19c98e8abfa7579cb0340312,3.0,106411652,The Rib,5.3,{'trad': True}
76960f421da1adfb8b62bb70925bf841ad2ae3a6,2.0,106411652,The Rib,5.3,{'trad': True}
148a3e2e26028debfc473b2208804c6151d762db,2.0,106411652,The Rib,5.3,{'trad': True}
304776687556531a33ec3b882afa0f090dce8ffc,2.0,106411652,The Rib,5.3,{'trad': True}
281b470de93d8a2eeb007c79ba2eb88ffddb3ffa,2.0,106411652,The Rib,5.3,{'trad': True}
0969be512ffc7af247b78a1fa5dd7037157d0d53,2.0,106411652,The Rib,5.3,{'trad': True}
26899dd8782e4b2cd4d353ffbd4bb38a1dd50a67,2.0,106411652,The Rib,5.3,{'trad': True}
d3987f4653a951e818291a2e086bd847844f2856,2.0,106411652,The Rib,5.3,{'trad': True}
d34cc5c1a7226ac8af9a73745af431151d4b0f83,2.0,106411652,The Rib,5.3,{'trad': True}
4a17fe1eeefe895d2fc6d7271effa13b2da55ae8,2.0,106411652,The Rib,5.3,{'trad': True}
19ec479618f94202d39071671551c88067d3ef01,2.0,106411652,The Rib,5.3,{'trad': True}
833213d6b64e39f108aec8266bd5e7bd02630f4e,1.0,106411652,The Rib,5.3,{'trad': True}
e2db92961a806a803f720e39aef45692acfaa755,4.0,115789263,Dougher Direct,,"{'trad': True, 'aid': True}"
e2db92961a806a803f720e39aef45692acfaa755,3.0,106411644,Dead Climber's Society,5.10+,{'trad': True}
dc55e77411078060797553999839ca0c774ac76f,3.0,106411640,Cryptic Chimney,5.5,{'trad': True}
77fd282489866ab5122cb6afdef46206ed81143b,3.0,106411640,Cryptic Chimney,5.5,{'trad': True}
2cacec9cee85cd8f729c5a2844b9c4419fbfdd46,3.0,106411640,Cryptic Chimney,5.5,{'trad': True}
87821657818fd4ec0881556f03b065817d204414,3.0,106411640,Cryptic Chimney,5.5,{'trad': True}
d34cc5c1a7226ac8af9a73745af431151d4b0f83,3.0,106411640,Cryptic Chimney,5.5,{'trad': True}
e2db92961a806a803f720e39aef45692acfaa755,2.0,106411640,Cryptic Chimney,5.5,{'trad': True}
286c07bf66320d9b30ad3962fbd12ad0aee3224a,2.0,106411640,Cryptic Chimney,5.5,{'trad': True}
7683e0ac3ae5dc46c5071d6fe4807ae44c610c42,2.0,106411640,Cryptic Chimney,5.5,{'trad': True}
e2db92961a806a803f720e39aef45692acfaa755,2.0,115789679,Slammer Jam,5.9,{'trad': True}
e2db92961a806a803f720e39aef45692acfaa755,1.0,115789716,Slacker's Ceiling,5.7,{'trad': True}
e2db92961a806a803f720e39aef45692acfaa755,2.0,115789739,Screams Unheard,5.10b,{'trad': True}
e2db92961a806a803f720e39aef45692acfaa755,1.0,115789729,Roadcut Surprise,5.8,{'trad': True}
e2db92961a806a803f720e39aef45692acfaa755,1.0,115789693,Medicine Man,5.7,{'trad': True}
e2db92961a806a803f720e39aef45692acfaa755,2.0,115789685,Crocodile Tears,5.9,{'trad': True}
e2db92961a806a803f720e39aef45692acfaa755,2.0,118772804,Tequila Morning,5.8,{'trad': True}
e2db92961a806a803f720e39aef45692acfaa755,1.0,115789847,Zombie,5.3,{'trad': True}
e2db92961a806a803f720e39aef45692acfaa755,3.0,118772796,Forces of Pfurry,5.9,{'trad': True}
e2db92961a806a803f720e39aef45692acfaa755,2.0,115792400,Dreams of Jessica,5.10c,{'trad': True}
e2db92961a806a803f720e39aef45692acfaa755,1.0,115791392,Route 209,5.7,{'trad': True}
93d00d06afffffb4ce59566d59720a2ef179ba7b,2.0,110105591,Tammany Icefall,,"{'trad': True, 'tr': True, 'ice': True}"
e2db92961a806a803f720e39aef45692acfaa755,1.0,115789799,Sharks Fin,5.8,{'trad': True}
e2db92961a806a803f720e39aef45692acfaa755,1.0,115791385,Headhunter,5.5,{'trad': True}
e2db92961a806a803f720e39aef45692acfaa755,1.0,115789863,Six Year Itch,5.10b,{'trad': True}
f839f7709e7611a1010b35b85212cc44d40aecc7,3.0,108776597,Trick Photography (Alt 1),5.8,{'trad': True}
369b50b2e946fa67a42f5763822d8c0b14063940,3.0,114944463,Tree Toad Fracture,5.8+,{'trad': True}
304776687556531a33ec3b882afa0f090dce8ffc,3.0,114944463,Tree Toad Fracture,5.8+,{'trad': True}
833213d6b64e39f108aec8266bd5e7bd02630f4e,3.0,114944463,Tree Toad Fracture,5.8+,{'trad': True}
e75be5f08b2fd63f2b6cd67316bc250cf462de9c,2.0,114944463,Tree Toad Fracture,5.8+,{'trad': True}
e2db92961a806a803f720e39aef45692acfaa755,1.0,115789436,"That Was Zen, This is Tao",5.9,{'trad': True}
e2db92961a806a803f720e39aef45692acfaa755,2.0,115789465,Spanning the Gap,5.10b,{'trad': True}
e2db92961a806a803f720e39aef45692acfaa755,1.0,115789499,Quivering Hips,5.8,{'trad': True}
e2db92961a806a803f720e39aef45692acfaa755,2.0,118772741,Old Smoothie,5.4,{'trad': True}
e2db92961a806a803f720e39aef45692acfaa755,1.0,115789505,Last Call,5.3,{'trad': True}
e2db92961a806a803f720e39aef45692acfaa755,1.0,115789445,Eldorado,5.6,{'trad': True}
e2db92961a806a803f720e39aef45692acfaa755,2.0,118772726,Corner Cap,5.5,{'trad': True}
286c07bf66320d9b30ad3962fbd12ad0aee3224a,3.0,115789452,Colorado,5.6,{'trad': True}
e2db92961a806a803f720e39aef45692acfaa755,2.0,115789452,Colorado,5.6,{'trad': True}
e2db92961a806a803f720e39aef45692acfaa755,3.0,115789480,"""V"" The Final Battle",5.11d,"{'trad': True, 'aid': True}"
e2db92961a806a803f720e39aef45692acfaa755,3.0,115789420,Ribbed Pleasures,5.10b,{'trad': True}
e2db92961a806a803f720e39aef45692acfaa755,2.0,118772698,Zen Corner,5.9+,{'trad': True}
e2db92961a806a803f720e39aef45692acfaa755,3.0,115789426,Ghetto Superstar,5.10b,{'trad': True}
3d4ff2674b4d3229fc14a61daf41c212ea9b7ff7,3.0,110323704,Friends in High Places,5.7,{'trad': True}
304776687556531a33ec3b882afa0f090dce8ffc,1.0,110323704,Friends in High Places,5.7,{'trad': True}
e2db92961a806a803f720e39aef45692acfaa755,4.0,115789607,Sunday Special,5.3,{'trad': True}
274cf2778e779e93b4047189c3087f38e0c1f404,3.0,109052591,Martin's Fall,5.6,{'trad': True}
286c07bf66320d9b30ad3962fbd12ad0aee3224a,3.0,109052591,Martin's Fall,5.6,{'trad': True}
a6c60fab676490c669cf6a94506770c5c7b2680c,3.0,109052591,Martin's Fall,5.6,{'trad': True}
f93fba7c57a2aca38383aade2d2334683e70a607,2.0,109052591,Martin's Fall,5.6,{'trad': True}
26899dd8782e4b2cd4d353ffbd4bb38a1dd50a67,2.0,109052591,Martin's Fall,5.6,{'trad': True}
304776687556531a33ec3b882afa0f090dce8ffc,1.0,109052591,Martin's Fall,5.6,{'trad': True}
369b50b2e946fa67a42f5763822d8c0b14063940,3.0,114944512,Godzilla,5.11c,{'trad': True}
e2db92961a806a803f720e39aef45692acfaa755,1.0,118772706,Buddha's Delight,5.9,{'trad': True}
18db46424457865af13c1bd4bfd5c693c2e78220,4.0,108124429,corkscrew,5.8+,{'trad': True}
b2f296fc6f8c3d8ff0fb9c8325e403f79b880e89,4.0,108124429,corkscrew,5.8+,{'trad': True}
b43a77eba9f8b7c48a9abebd5966ec377b2b7c2d,4.0,108124429,corkscrew,5.8+,{'trad': True}
274cf2778e779e93b4047189c3087f38e0c1f404,4.0,108124429,corkscrew,5.8+,{'trad': True}
22d8634ecc58da705a2ef174752018179bd86f7c,4.0,108124429,corkscrew,5.8+,{'trad': True}
6017127b594ffefd9eea5ef33aaad83e9dfc1618,4.0,108124429,corkscrew,5.8+,{'trad': True}
46525c89d4bc32d1ffe0aaa4ec048a4a0edc4f39,4.0,108124429,corkscrew,5.8+,{'trad': True}
304776687556531a33ec3b882afa0f090dce8ffc,3.0,108124429,corkscrew,5.8+,{'trad': True}
d3987f4653a951e818291a2e086bd847844f2856,3.0,108124429,corkscrew,5.8+,{'trad': True}
833213d6b64e39f108aec8266bd5e7bd02630f4e,3.0,108124429,corkscrew,5.8+,{'trad': True}
26899dd8782e4b2cd4d353ffbd4bb38a1dd50a67,3.0,108124429,corkscrew,5.8+,{'trad': True}
e2db92961a806a803f720e39aef45692acfaa755,1.0,115789594,Flail Bopp Flake,5.6,"{'trad': True, 'aid': True}"
e2db92961a806a803f720e39aef45692acfaa755,2.0,115789625,The Chute,5.4,{'trad': True}
e2db92961a806a803f720e39aef45692acfaa755,3.0,108506209,Chipped Tooth Crack,5.6,{'trad': True}
f839f7709e7611a1010b35b85212cc44d40aecc7,2.0,108506209,Chipped Tooth Crack,5.6,{'trad': True}
e2db92961a806a803f720e39aef45692acfaa755,2.0,115789903,Seam of Fear,5.12a,"{'trad': True, 'aid': True}"
e2db92961a806a803f720e39aef45692acfaa755,1.0,115789941,Pray for Life,5.11d,"{'trad': True, 'aid': True}"
e2db92961a806a803f720e39aef45692acfaa755,2.0,115789885,Jungle Warfare,5.10a,"{'trad': True, 'aid': True}"
e2db92961a806a803f720e39aef45692acfaa755,1.0,115789955,Free Trial,5.11a,{'trad': True}
e2db92961a806a803f720e39aef45692acfaa755,1.0,115789912,Driving Excitement,5.10a/b,"{'trad': True, 'aid': True}"
e2db92961a806a803f720e39aef45692acfaa755,1.0,115789833,Outlander,5.6,{'trad': True}
e2db92961a806a803f720e39aef45692acfaa755,1.0,115789815,Liquid Squeeze,5.8,{'trad': True}
e2db92961a806a803f720e39aef45692acfaa755,2.0,115789769,Easy Lieback,5.3,{'trad': True}
e2db92961a806a803f720e39aef45692acfaa755,1.0,115789828,Decent Exposure,5.5,{'trad': True}
e2db92961a806a803f720e39aef45692acfaa755,3.0,115792383,Do or Fly,5.12a,{'trad': True}
e2db92961a806a803f720e39aef45692acfaa755,1.0,115791416,A Time for Action,5.10b,{'trad': True}
e2db92961a806a803f720e39aef45692acfaa755,1.0,115790188,Wilderness Decay,5.7,{'trad': True}
e2db92961a806a803f720e39aef45692acfaa755,1.0,115790163,Pray for Death,5.5,{'trad': True}
e2db92961a806a803f720e39aef45692acfaa755,1.0,115790178,Overhangs Ah'Coming,5.8,{'trad': True}
e2db92961a806a803f720e39aef45692acfaa755,3.0,115790217,Final Impact,5.12c,{'trad': True}
e2db92961a806a803f720e39aef45692acfaa755,2.0,115790205,Crack in the Forest,5.11a,{'trad': True}
e2db92961a806a803f720e39aef45692acfaa755,1.0,115789513,Triple Overhang,5.8,{'trad': True}
609a313cd0ebfa22a1d657912962a01da8aa8452,2.0,115789532,Sobriety Test,5.7,{'trad': True}
e2db92961a806a803f720e39aef45692acfaa755,1.0,115789532,Sobriety Test,5.7,{'trad': True}
e2db92961a806a803f720e39aef45692acfaa755,1.0,115789650,Tomahawk,5.6,{'trad': True}
e2db92961a806a803f720e39aef45692acfaa755,1.0,115789641,Denture Grip,5.8,{'trad': True}
e2db92961a806a803f720e39aef45692acfaa755,3.0,106412860,Ride of the Valkyries,5.10+,{'trad': True}
274cf2778e779e93b4047189c3087f38e0c1f404,3.0,106412860,Ride of the Valkyries,5.10+,{'trad': True}
e2db92961a806a803f720e39aef45692acfaa755,3.0,118772649,Valhalla,5.10d,{'trad': True}
c6fdff0da47b047538505f29fadc0c403d02b788,2.0,113382429,Giappo's Crack,5.1,{'trad': True}
59a12c388904ea95a5ad4d921cf9f7b3c9e07c1d,2.0,113382429,Giappo's Crack,5.1,{'trad': True}
0ec84d6415bb69cd4dd9368cadf54af7b5303f46,1.0,113382429,Giappo's Crack,5.1,{'trad': True}
e2db92961a806a803f720e39aef45692acfaa755,3.0,115789401,The Old Lady Climbed Well,5.8,{'trad': True}
274cf2778e779e93b4047189c3087f38e0c1f404,2.0,106412877,Easy Day for an Old Lady,5.7+,{'trad': True}
cb4b35095c6856bff84bbdf447f748181789e02d,2.0,106412877,Easy Day for an Old Lady,5.7+,{'trad': True}
e2db92961a806a803f720e39aef45692acfaa755,1.0,106412877,Easy Day for an Old Lady,5.7+,{'trad': True}
e2db92961a806a803f720e39aef45692acfaa755,2.0,118772657,Death Ledges,5.7+,{'trad': True}
e5f2e118741dc710d966b975f88ee4ab7b3e06d1,3.0,106412892,Black Wall Route,5.7,{'trad': True}
304776687556531a33ec3b882afa0f090dce8ffc,3.0,106412892,Black Wall Route,5.7,{'trad': True}
833213d6b64e39f108aec8266bd5e7bd02630f4e,3.0,106412892,Black Wall Route,5.7,{'trad': True}
274cf2778e779e93b4047189c3087f38e0c1f404,3.0,106412892,Black Wall Route,5.7,{'trad': True}
ac958cc555c3347f3bc7a1371955d6b492d38b9d,3.0,106412892,Black Wall Route,5.7,{'trad': True}
bfd112726b5debcf2eadf4ffa0b0c55e431e54ed,3.0,106412892,Black Wall Route,5.7,{'trad': True}
a6c60fab676490c669cf6a94506770c5c7b2680c,3.0,106412892,Black Wall Route,5.7,{'trad': True}
d34cc5c1a7226ac8af9a73745af431151d4b0f83,2.0,106412892,Black Wall Route,5.7,{'trad': True}
e2db92961a806a803f720e39aef45692acfaa755,1.0,106412892,Black Wall Route,5.7,{'trad': True}
e2db92961a806a803f720e39aef45692acfaa755,3.0,118772616,School Teacher's Walk the Plank,5.6,{'trad': True}
e2db92961a806a803f720e39aef45692acfaa755,2.0,118772628,Dunce's Corner,5.2,{'trad': True}
e2db92961a806a803f720e39aef45692acfaa755,1.0,115789315,Class Four Ramp,5.1,{'trad': True}
e2db92961a806a803f720e39aef45692acfaa755,1.0,115789350,Class Clown,5.2,{'trad': True}
f6298808e10beeffcdbaa42d263e019212331924,4.0,111925814,Death Don't Have No Mercy,5.9,{'trad': True}
22d8634ecc58da705a2ef174752018179bd86f7c,4.0,111925814,Death Don't Have No Mercy,5.9,{'trad': True}
104ee8ef87244bf6f7d612190848f75366ec39d4,4.0,111925814,Death Don't Have No Mercy,5.9,{'trad': True}
274cf2778e779e93b4047189c3087f38e0c1f404,3.0,111925814,Death Don't Have No Mercy,5.9,{'trad': True}
e2db92961a806a803f720e39aef45692acfaa755,2.0,114131225,Thunderbear,5.5,{'trad': True}
e2db92961a806a803f720e39aef45692acfaa755,3.0,115789279,Say Your Pwayers Wabbit,5.9+,{'trad': True}
e2db92961a806a803f720e39aef45692acfaa755,1.0,115789287,Gallows Humor,5.9,{'trad': True}
274cf2778e779e93b4047189c3087f38e0c1f404,1.0,109286160,Easter Egg Hunt,5.8,{'trad': True}
833213d6b64e39f108aec8266bd5e7bd02630f4e,2.0,115789284,Chimney Sweep,5.5,{'trad': True}
304776687556531a33ec3b882afa0f090dce8ffc,2.0,115789284,Chimney Sweep,5.5,{'trad': True}
e2db92961a806a803f720e39aef45692acfaa755,1.0,115789284,Chimney Sweep,5.5,{'trad': True}
e2db92961a806a803f720e39aef45692acfaa755,2.0,114131234,Easter Bunny,5.5,{'trad': True}
f93fba7c57a2aca38383aade2d2334683e70a607,1.0,114131234,Easter Bunny,5.5,{'trad': True}
e2db92961a806a803f720e39aef45692acfaa755,4.0,115789557,Outside Chance,5.9,{'trad': True}
286c07bf66320d9b30ad3962fbd12ad0aee3224a,2.0,115789525,Jungle Gym,5.5,{'trad': True}
e2db92961a806a803f720e39aef45692acfaa755,1.0,115789525,Jungle Gym,5.5,{'trad': True}
274cf2778e779e93b4047189c3087f38e0c1f404,4.0,106717867,Double Overhang,5.8,{'trad': True}
76960f421da1adfb8b62bb70925bf841ad2ae3a6,4.0,106717867,Double Overhang,5.8,{'trad': True}
26899dd8782e4b2cd4d353ffbd4bb38a1dd50a67,3.0,106717867,Double Overhang,5.8,{'trad': True}
e54b9d66016bdd080613296a552b1e5895e742b4,3.0,106717867,Double Overhang,5.8,{'trad': True}
eb946dcc3955021f115e7f9ba1f4688e30eff30f,3.0,106717867,Double Overhang,5.8,{'trad': True}
d3987f4653a951e818291a2e086bd847844f2856,3.0,106717867,Double Overhang,5.8,{'trad': True}
833213d6b64e39f108aec8266bd5e7bd02630f4e,3.0,106717867,Double Overhang,5.8,{'trad': True}
304776687556531a33ec3b882afa0f090dce8ffc,3.0,106717867,Double Overhang,5.8,{'trad': True}
b44f194555d64138897a1a5dde9cf0a3340a138e,3.0,106717867,Double Overhang,5.8,{'trad': True}
d6c7fbd12d5c1fdda5eb0f9e9edb38b9b1b807a2,3.0,106717867,Double Overhang,5.8,{'trad': True}
534b97a16e5735112e7e20d7cba8bc122a20fb1b,2.0,106717867,Double Overhang,5.8,{'trad': True}
18db46424457865af13c1bd4bfd5c693c2e78220,2.0,106717867,Double Overhang,5.8,{'trad': True}
c7722e9eff2fb3a77280466b6133604fd6b0ba20,2.0,106717867,Double Overhang,5.8,{'trad': True}
caf231fdb5fd41aff81e4253306707d0fbe37d02,2.0,106717867,Double Overhang,5.8,{'trad': True}
caf231fdb5fd41aff81e4253306707d0fbe37d02,3.0,106369261,Salty Tears (right of bolt),5.6,"{'trad': True, 'tr': True}"
7db0fd78e334258cc7bdee2a1ca38fb2c301e076,1.0,106369261,Salty Tears (right of bolt),5.6,"{'trad': True, 'tr': True}"
274cf2778e779e93b4047189c3087f38e0c1f404,1.0,106369261,Salty Tears (right of bolt),5.6,"{'trad': True, 'tr': True}"
caf231fdb5fd41aff81e4253306707d0fbe37d02,2.0,106369265,Salty Tears (left of bolt),5.7+,"{'trad': True, 'tr': True}"
c7722e9eff2fb3a77280466b6133604fd6b0ba20,2.0,106369265,Salty Tears (left of bolt),5.7+,"{'trad': True, 'tr': True}"
47bcbc7114758c8c37d31e9cf435a9a47fee65cc,2.0,106369265,Salty Tears (left of bolt),5.7+,"{'trad': True, 'tr': True}"
7db0fd78e334258cc7bdee2a1ca38fb2c301e076,1.0,106369265,Salty Tears (left of bolt),5.7+,"{'trad': True, 'tr': True}"
c7722e9eff2fb3a77280466b6133604fd6b0ba20,3.0,107755500,Welcome to Waterloo,5.9,{'trad': True}
87821657818fd4ec0881556f03b065817d204414,3.0,107755500,Welcome to Waterloo,5.9,{'trad': True}
0969be512ffc7af247b78a1fa5dd7037157d0d53,2.0,107755500,Welcome to Waterloo,5.9,{'trad': True}
7db0fd78e334258cc7bdee2a1ca38fb2c301e076,1.0,106368854,Spanglish,5.10,"{'trad': True, 'tr': True}"
c7722e9eff2fb3a77280466b6133604fd6b0ba20,1.0,106368854,Spanglish,5.10,"{'trad': True, 'tr': True}"
76efeeeb1e7bed04fa7c0dfd5b0410f915409a64,2.0,106368875,Muddy Waters,5.8,"{'trad': True, 'tr': True}"
caf231fdb5fd41aff81e4253306707d0fbe37d02,2.0,106368875,Muddy Waters,5.8,"{'trad': True, 'tr': True}"
c7722e9eff2fb3a77280466b6133604fd6b0ba20,2.0,106368875,Muddy Waters,5.8,"{'trad': True, 'tr': True}"
7db0fd78e334258cc7bdee2a1ca38fb2c301e076,1.0,106368875,Muddy Waters,5.8,"{'trad': True, 'tr': True}"
281b470de93d8a2eeb007c79ba2eb88ffddb3ffa,1.0,106368850,5.5,5.5,"{'trad': True, 'tr': True}"
274cf2778e779e93b4047189c3087f38e0c1f404,1.0,106368850,5.5,5.5,"{'trad': True, 'tr': True}"
c7722e9eff2fb3a77280466b6133604fd6b0ba20,1.0,106368850,5.5,5.5,"{'trad': True, 'tr': True}"
0e493fc44005333b78b2dbe7b165ebb7fbeb7541,1.0,106368850,5.5,5.5,"{'trad': True, 'tr': True}"
76efeeeb1e7bed04fa7c0dfd5b0410f915409a64,2.0,106368885,European Vacation,5.9+,"{'trad': True, 'tr': True}"
7db0fd78e334258cc7bdee2a1ca38fb2c301e076,2.0,106368885,European Vacation,5.9+,"{'trad': True, 'tr': True}"
274cf2778e779e93b4047189c3087f38e0c1f404,2.0,106368885,European Vacation,5.9+,"{'trad': True, 'tr': True}"
d3a32967eb57e0821c17173d0f429bc2462cbb7e,3.0,106368843,5.6,5.6,"{'trad': True, 'tr': True}"
a1aadc68ea80693432be6600d72d5bc39dfc9dd6,3.0,106368843,5.6,5.6,"{'trad': True, 'tr': True}"
26899dd8782e4b2cd4d353ffbd4bb38a1dd50a67,2.0,106368843,5.6,5.6,"{'trad': True, 'tr': True}"
0e493fc44005333b78b2dbe7b165ebb7fbeb7541,2.0,106368843,5.6,5.6,"{'trad': True, 'tr': True}"
46525c89d4bc32d1ffe0aaa4ec048a4a0edc4f39,2.0,106368843,5.6,5.6,"{'trad': True, 'tr': True}"
7d9515e156ee51b255edf4926b7b3e516ecda08e,2.0,106368843,5.6,5.6,"{'trad': True, 'tr': True}"
96510406ed45a3b4b1cfc29c8bb8fda9ba28a2c3,2.0,106368843,5.6,5.6,"{'trad': True, 'tr': True}"
281b470de93d8a2eeb007c79ba2eb88ffddb3ffa,2.0,106368843,5.6,5.6,"{'trad': True, 'tr': True}"
c6866d26cbd66049bfdf5d24843ef33e6c65b63f,2.0,106368843,5.6,5.6,"{'trad': True, 'tr': True}"
0c8d85575283704f813654cedfd03b806c91fc25,2.0,106368843,5.6,5.6,"{'trad': True, 'tr': True}"
c7722e9eff2fb3a77280466b6133604fd6b0ba20,1.0,106368843,5.6,5.6,"{'trad': True, 'tr': True}"
274cf2778e779e93b4047189c3087f38e0c1f404,1.0,106368843,5.6,5.6,"{'trad': True, 'tr': True}"
7db0fd78e334258cc7bdee2a1ca38fb2c301e076,1.0,106368843,5.6,5.6,"{'trad': True, 'tr': True}"
76efeeeb1e7bed04fa7c0dfd5b0410f915409a64,2.0,106368863,Born in the USA,5.11,"{'trad': True, 'tr': True}"
7db0fd78e334258cc7bdee2a1ca38fb2c301e076,2.0,106368863,Born in the USA,5.11,"{'trad': True, 'tr': True}"
c7722e9eff2fb3a77280466b6133604fd6b0ba20,1.0,106368881,5.7 (left),5.7,"{'trad': True, 'tr': True}"
274cf2778e779e93b4047189c3087f38e0c1f404,1.0,106368869,5.7 (center),5.7,"{'trad': True, 'tr': True}"
c7722e9eff2fb3a77280466b6133604fd6b0ba20,1.0,106368869,5.7 (center),5.7,"{'trad': True, 'tr': True}"
c7722e9eff2fb3a77280466b6133604fd6b0ba20,1.0,106368858,5.7,5.7,"{'trad': True, 'tr': True}"
db4e46b71d3a8752f34227b4ed61f59afedaabfd,3.0,108794055,Roof Route,5.8,"{'trad': True, 'tr': True}"
eb409a4366efc725db98a64e44b04e4f7ae20fb3,2.0,108794055,Roof Route,5.8,"{'trad': True, 'tr': True}"
e2db92961a806a803f720e39aef45692acfaa755,4.0,115399409,Main Wall Aid,,"{'trad': True, 'aid': True}"
000e3e3b3d42161af3ecef484f394c05e7a04493,4.0,106369038,Hourglass,5.8,"{'trad': True, 'tr': True}"
65ada16b0162c90961cc02ea0ed7710ad93db18a,3.0,106369038,Hourglass,5.8,"{'trad': True, 'tr': True}"
e2db92961a806a803f720e39aef45692acfaa755,3.0,106369038,Hourglass,5.8,"{'trad': True, 'tr': True}"
6be4b6383bf1ccff64ceadf8cd9a4b8b977a370c,3.0,106369038,Hourglass,5.8,"{'trad': True, 'tr': True}"
a1aadc68ea80693432be6600d72d5bc39dfc9dd6,3.0,106369038,Hourglass,5.8,"{'trad': True, 'tr': True}"
38176721640e51184cfa2eae0d954a9b31baa549,3.0,106369038,Hourglass,5.8,"{'trad': True, 'tr': True}"
c7722e9eff2fb3a77280466b6133604fd6b0ba20,3.0,106369038,Hourglass,5.8,"{'trad': True, 'tr': True}"
76efeeeb1e7bed04fa7c0dfd5b0410f915409a64,2.0,106369038,Hourglass,5.8,"{'trad': True, 'tr': True}"
ecb43199c132c20f0dc17b96044e8617b8c42938,2.0,106369038,Hourglass,5.8,"{'trad': True, 'tr': True}"
274cf2778e779e93b4047189c3087f38e0c1f404,2.0,106369038,Hourglass,5.8,"{'trad': True, 'tr': True}"
96510406ed45a3b4b1cfc29c8bb8fda9ba28a2c3,2.0,106369038,Hourglass,5.8,"{'trad': True, 'tr': True}"
0969be512ffc7af247b78a1fa5dd7037157d0d53,2.0,106369038,Hourglass,5.8,"{'trad': True, 'tr': True}"
d018ad2f8bb8ed24a3700bc10235130c82bf579a,2.0,106369038,Hourglass,5.8,"{'trad': True, 'tr': True}"
87821657818fd4ec0881556f03b065817d204414,2.0,106369038,Hourglass,5.8,"{'trad': True, 'tr': True}"
7db0fd78e334258cc7bdee2a1ca38fb2c301e076,1.0,106369038,Hourglass,5.8,"{'trad': True, 'tr': True}"
76efeeeb1e7bed04fa7c0dfd5b0410f915409a64,2.0,106369035,Foreign Invasion,5.9,"{'trad': True, 'tr': True}"
e2db92961a806a803f720e39aef45692acfaa755,2.0,106369035,Foreign Invasion,5.9,"{'trad': True, 'tr': True}"
38176721640e51184cfa2eae0d954a9b31baa549,2.0,106369035,Foreign Invasion,5.9,"{'trad': True, 'tr': True}"
0969be512ffc7af247b78a1fa5dd7037157d0d53,2.0,106369035,Foreign Invasion,5.9,"{'trad': True, 'tr': True}"
96510406ed45a3b4b1cfc29c8bb8fda9ba28a2c3,2.0,106369035,Foreign Invasion,5.9,"{'trad': True, 'tr': True}"
274cf2778e779e93b4047189c3087f38e0c1f404,2.0,106369035,Foreign Invasion,5.9,"{'trad': True, 'tr': True}"
c7722e9eff2fb3a77280466b6133604fd6b0ba20,2.0,106369035,Foreign Invasion,5.9,"{'trad': True, 'tr': True}"
7db0fd78e334258cc7bdee2a1ca38fb2c301e076,1.0,106369035,Foreign Invasion,5.9,"{'trad': True, 'tr': True}"
b18dadefe253fec8fe55bb0dd0435c11ca1343d2,2.0,106419203,Evening Visitor,5.4,{'trad': True}
caf231fdb5fd41aff81e4253306707d0fbe37d02,1.0,106419203,Evening Visitor,5.4,{'trad': True}
b18dadefe253fec8fe55bb0dd0435c11ca1343d2,4.0,106368904,Blow Out,5.11a,"{'trad': True, 'tr': True}"
4e0b6891c9f3c6087684c5eba1ffbbebe4f68bc1,3.0,106368904,Blow Out,5.11a,"{'trad': True, 'tr': True}"
0c8d85575283704f813654cedfd03b806c91fc25,3.0,106368904,Blow Out,5.11a,"{'trad': True, 'tr': True}"
76efeeeb1e7bed04fa7c0dfd5b0410f915409a64,2.0,106368904,Blow Out,5.11a,"{'trad': True, 'tr': True}"
e2db92961a806a803f720e39aef45692acfaa755,2.0,106368904,Blow Out,5.11a,"{'trad': True, 'tr': True}"
274cf2778e779e93b4047189c3087f38e0c1f404,2.0,106368904,Blow Out,5.11a,"{'trad': True, 'tr': True}"
c7722e9eff2fb3a77280466b6133604fd6b0ba20,2.0,106368904,Blow Out,5.11a,"{'trad': True, 'tr': True}"
7db0fd78e334258cc7bdee2a1ca38fb2c301e076,1.0,106368904,Blow Out,5.11a,"{'trad': True, 'tr': True}"
76efeeeb1e7bed04fa7c0dfd5b0410f915409a64,3.0,106369031,"A Year in the Life, Variation 2, Left Start",5.10d,"{'trad': True, 'tr': True}"
f3089037d56c05bf3816384e74f7c4de33a00af0,3.0,106369031,"A Year in the Life, Variation 2, Left Start",5.10d,"{'trad': True, 'tr': True}"
e2db92961a806a803f720e39aef45692acfaa755,3.0,106369031,"A Year in the Life, Variation 2, Left Start",5.10d,"{'trad': True, 'tr': True}"
0969be512ffc7af247b78a1fa5dd7037157d0d53,3.0,106369031,"A Year in the Life, Variation 2, Left Start",5.10d,"{'trad': True, 'tr': True}"
c7722e9eff2fb3a77280466b6133604fd6b0ba20,3.0,106369031,"A Year in the Life, Variation 2, Left Start",5.10d,"{'trad': True, 'tr': True}"
7db0fd78e334258cc7bdee2a1ca38fb2c301e076,2.0,106369031,"A Year in the Life, Variation 2, Left Start",5.10d,"{'trad': True, 'tr': True}"
e2db92961a806a803f720e39aef45692acfaa755,3.0,106369027,"A Year in the Life, Variation 1 Direct Start",5.11d,"{'trad': True, 'tr': True}"
7db0fd78e334258cc7bdee2a1ca38fb2c301e076,1.0,106369027,"A Year in the Life, Variation 1 Direct Start",5.11d,"{'trad': True, 'tr': True}"
c7722e9eff2fb3a77280466b6133604fd6b0ba20,2.0,106369024,A Year in the Life,5.10a,"{'trad': True, 'tr': True}"
274cf2778e779e93b4047189c3087f38e0c1f404,2.0,106369024,A Year in the Life,5.10a,"{'trad': True, 'tr': True}"
b18dadefe253fec8fe55bb0dd0435c11ca1343d2,2.0,106368893,A Touch Too Much,5.10,"{'trad': True, 'tr': True}"
c7722e9eff2fb3a77280466b6133604fd6b0ba20,1.0,106368893,A Touch Too Much,5.10,"{'trad': True, 'tr': True}"
46525c89d4bc32d1ffe0aaa4ec048a4a0edc4f39,2.0,106368896,5.8+,5.8+,"{'trad': True, 'tr': True}"
7db0fd78e334258cc7bdee2a1ca38fb2c301e076,1.0,106368896,5.8+,5.8+,"{'trad': True, 'tr': True}"
274cf2778e779e93b4047189c3087f38e0c1f404,1.0,106368896,5.8+,5.8+,"{'trad': True, 'tr': True}"
c7722e9eff2fb3a77280466b6133604fd6b0ba20,1.0,106368896,5.8+,5.8+,"{'trad': True, 'tr': True}"
0969be512ffc7af247b78a1fa5dd7037157d0d53,1.0,106368923,5.8,5.8,"{'trad': True, 'tr': True}"
274cf2778e779e93b4047189c3087f38e0c1f404,1.0,106368923,5.8,5.8,"{'trad': True, 'tr': True}"
c7722e9eff2fb3a77280466b6133604fd6b0ba20,1.0,106368923,5.8,5.8,"{'trad': True, 'tr': True}"
000e3e3b3d42161af3ecef484f394c05e7a04493,4.0,106369007,"5.7 (Main Wall, Right)",5.7,"{'trad': True, 'tr': True}"
fe6a40716e54aaee5a9f271c65c16ebedb8320c7,4.0,106369007,"5.7 (Main Wall, Right)",5.7,"{'trad': True, 'tr': True}"
ecb43199c132c20f0dc17b96044e8617b8c42938,3.0,106369007,"5.7 (Main Wall, Right)",5.7,"{'trad': True, 'tr': True}"
6ff22b77d5603b4723f08690a1efaf9536a7154a,3.0,106369007,"5.7 (Main Wall, Right)",5.7,"{'trad': True, 'tr': True}"
0c8d85575283704f813654cedfd03b806c91fc25,3.0,106369007,"5.7 (Main Wall, Right)",5.7,"{'trad': True, 'tr': True}"
e2db92961a806a803f720e39aef45692acfaa755,3.0,106369007,"5.7 (Main Wall, Right)",5.7,"{'trad': True, 'tr': True}"
b18dadefe253fec8fe55bb0dd0435c11ca1343d2,2.0,106369007,"5.7 (Main Wall, Right)",5.7,"{'trad': True, 'tr': True}"
bfd112726b5debcf2eadf4ffa0b0c55e431e54ed,2.0,106369007,"5.7 (Main Wall, Right)",5.7,"{'trad': True, 'tr': True}"
4e0b6891c9f3c6087684c5eba1ffbbebe4f68bc1,2.0,106369007,"5.7 (Main Wall, Right)",5.7,"{'trad': True, 'tr': True}"
6be4b6383bf1ccff64ceadf8cd9a4b8b977a370c,2.0,106369007,"5.7 (Main Wall, Right)",5.7,"{'trad': True, 'tr': True}"
c7722e9eff2fb3a77280466b6133604fd6b0ba20,2.0,106369007,"5.7 (Main Wall, Right)",5.7,"{'trad': True, 'tr': True}"
7db0fd78e334258cc7bdee2a1ca38fb2c301e076,2.0,106369007,"5.7 (Main Wall, Right)",5.7,"{'trad': True, 'tr': True}"
274cf2778e779e93b4047189c3087f38e0c1f404,2.0,106369007,"5.7 (Main Wall, Right)",5.7,"{'trad': True, 'tr': True}"
76efeeeb1e7bed04fa7c0dfd5b0410f915409a64,2.0,106369007,"5.7 (Main Wall, Right)",5.7,"{'trad': True, 'tr': True}"
38176721640e51184cfa2eae0d954a9b31baa549,2.0,106369007,"5.7 (Main Wall, Right)",5.7,"{'trad': True, 'tr': True}"
ec377f7da2089bcb3d1c5ffba17926ba1625039c,2.0,106369007,"5.7 (Main Wall, Right)",5.7,"{'trad': True, 'tr': True}"
dac61f3a56a065708b2205f2250d8b762d34d9c0,2.0,106369007,"5.7 (Main Wall, Right)",5.7,"{'trad': True, 'tr': True}"
d3a32967eb57e0821c17173d0f429bc2462cbb7e,2.0,106369007,"5.7 (Main Wall, Right)",5.7,"{'trad': True, 'tr': True}"
96510406ed45a3b4b1cfc29c8bb8fda9ba28a2c3,1.0,106369007,"5.7 (Main Wall, Right)",5.7,"{'trad': True, 'tr': True}"
e09fed5aa79c83d9b75a80cc5de27ee6015d6a59,1.0,106369007,"5.7 (Main Wall, Right)",5.7,"{'trad': True, 'tr': True}"
0969be512ffc7af247b78a1fa5dd7037157d0d53,2.0,106368899,5.7+,5.7+,"{'trad': True, 'tr': True}"
c7722e9eff2fb3a77280466b6133604fd6b0ba20,2.0,106368899,5.7+,5.7+,"{'trad': True, 'tr': True}"
7db0fd78e334258cc7bdee2a1ca38fb2c301e076,1.0,106368899,5.7+,5.7+,"{'trad': True, 'tr': True}"
0969be512ffc7af247b78a1fa5dd7037157d0d53,1.0,106369043,5.7,5.7,"{'trad': True, 'tr': True}"
87821657818fd4ec0881556f03b065817d204414,1.0,106369043,5.7,5.7,"{'trad': True, 'tr': True}"
38176721640e51184cfa2eae0d954a9b31baa549,2.0,106369048,5.6 (Left of Hourglass),5.6,"{'trad': True, 'tr': True}"
46525c89d4bc32d1ffe0aaa4ec048a4a0edc4f39,1.0,106369048,5.6 (Left of Hourglass),5.6,"{'trad': True, 'tr': True}"
000e3e3b3d42161af3ecef484f394c05e7a04493,4.0,106369015,5.5 (Main Wall),5.5,"{'trad': True, 'tr': True}"
c7722e9eff2fb3a77280466b6133604fd6b0ba20,2.0,106369015,5.5 (Main Wall),5.5,"{'trad': True, 'tr': True}"
a1aadc68ea80693432be6600d72d5bc39dfc9dd6,2.0,106369015,5.5 (Main Wall),5.5,"{'trad': True, 'tr': True}"
46525c89d4bc32d1ffe0aaa4ec048a4a0edc4f39,2.0,106369015,5.5 (Main Wall),5.5,"{'trad': True, 'tr': True}"
52cc2ee0c9e87ef119873e5f0b0dfcdc70e249e9,2.0,106369015,5.5 (Main Wall),5.5,"{'trad': True, 'tr': True}"
2c314afba840c17fb2de7ebf6fe804cf51203df7,1.0,106369015,5.5 (Main Wall),5.5,"{'trad': True, 'tr': True}"
76efeeeb1e7bed04fa7c0dfd5b0410f915409a64,1.0,106369015,5.5 (Main Wall),5.5,"{'trad': True, 'tr': True}"
96510406ed45a3b4b1cfc29c8bb8fda9ba28a2c3,1.0,106369015,5.5 (Main Wall),5.5,"{'trad': True, 'tr': True}"
fccdadcca5f9666bb45be46dc787ae265c657bd7,1.0,106369015,5.5 (Main Wall),5.5,"{'trad': True, 'tr': True}"
000e3e3b3d42161af3ecef484f394c05e7a04493,4.0,106368911,5.5,5.5,"{'trad': True, 'tr': True}"
b18dadefe253fec8fe55bb0dd0435c11ca1343d2,3.0,106368911,5.5,5.5,"{'trad': True, 'tr': True}"
46525c89d4bc32d1ffe0aaa4ec048a4a0edc4f39,2.0,106368911,5.5,5.5,"{'trad': True, 'tr': True}"
a1aadc68ea80693432be6600d72d5bc39dfc9dd6,2.0,106368911,5.5,5.5,"{'trad': True, 'tr': True}"
ecb43199c132c20f0dc17b96044e8617b8c42938,2.0,106368911,5.5,5.5,"{'trad': True, 'tr': True}"
96510406ed45a3b4b1cfc29c8bb8fda9ba28a2c3,1.0,106368911,5.5,5.5,"{'trad': True, 'tr': True}"
7db0fd78e334258cc7bdee2a1ca38fb2c301e076,1.0,106368911,5.5,5.5,"{'trad': True, 'tr': True}"
274cf2778e779e93b4047189c3087f38e0c1f404,1.0,106368911,5.5,5.5,"{'trad': True, 'tr': True}"
c7722e9eff2fb3a77280466b6133604fd6b0ba20,1.0,106368911,5.5,5.5,"{'trad': True, 'tr': True}"
2c314afba840c17fb2de7ebf6fe804cf51203df7,1.0,106368911,5.5,5.5,"{'trad': True, 'tr': True}"
46525c89d4bc32d1ffe0aaa4ec048a4a0edc4f39,2.0,106369067,5.2,5.2,"{'trad': True, 'tr': True}"
caf231fdb5fd41aff81e4253306707d0fbe37d02,2.0,106369268,5.5 Arete,5.5,"{'trad': True, 'tr': True}"
47bcbc7114758c8c37d31e9cf435a9a47fee65cc,2.0,106369268,5.5 Arete,5.5,"{'trad': True, 'tr': True}"
274cf2778e779e93b4047189c3087f38e0c1f404,1.0,106369268,5.5 Arete,5.5,"{'trad': True, 'tr': True}"
c7722e9eff2fb3a77280466b6133604fd6b0ba20,1.0,106369268,5.5 Arete,5.5,"{'trad': True, 'tr': True}"
01547219d50786f28ea5c17c2da997a48d97d36a,3.0,106369253,5.4,5.4,"{'trad': True, 'tr': True}"
c7722e9eff2fb3a77280466b6133604fd6b0ba20,1.0,106369253,5.4,5.4,"{'trad': True, 'tr': True}"
c7722e9eff2fb3a77280466b6133604fd6b0ba20,1.0,106369257,5.3,5.3,"{'trad': True, 'tr': True}"
242cd741853f680eed09195f386b3b8bae1c7a82,1.0,106369257,5.3,5.3,"{'trad': True, 'tr': True}"
47bcbc7114758c8c37d31e9cf435a9a47fee65cc,1.0,106369257,5.3,5.3,"{'trad': True, 'tr': True}"
fad0a7217939f63b524c9c7ce87b1e351ad64ab9,3.0,114393274,Right Fins,5.4,"{'trad': True, 'tr': True}"
b49ea632a212b3fe3d24efb2eaa29e78578e7c8a,2.0,114393274,Right Fins,5.4,"{'trad': True, 'tr': True}"
b49ea632a212b3fe3d24efb2eaa29e78578e7c8a,2.0,114394151,Laurel Ledges,5.1,{'trad': True}
b49ea632a212b3fe3d24efb2eaa29e78578e7c8a,3.0,114389879,Fifty States,5.7,"{'trad': True, 'tr': True}"
fad0a7217939f63b524c9c7ce87b1e351ad64ab9,3.0,114389879,Fifty States,5.7,"{'trad': True, 'tr': True}"
b49ea632a212b3fe3d24efb2eaa29e78578e7c8a,3.0,114389737,Center-Right Zig-Zag,5.7+,"{'trad': True, 'tr': True}"
b49ea632a212b3fe3d24efb2eaa29e78578e7c8a,1.0,114393156,Dividing Squeeze,5.4,"{'trad': True, 'aid': True}"
768a76850611c85bbbba5e1d4868e45c03d3758f,1.0,114393156,Dividing Squeeze,5.4,"{'trad': True, 'aid': True}"
b8a5cd0f41003f4515f8cf9b07b92d1120425280,2.0,117259102,Roof crack,5.11,{'trad': True}
b49ea632a212b3fe3d24efb2eaa29e78578e7c8a,1.0,114393176,Dividing Gully,5.6,{'trad': True}
768a76850611c85bbbba5e1d4868e45c03d3758f,1.0,114393176,Dividing Gully,5.6,{'trad': True}
36b200ad7835df9f195264b248d63c63ca1a4529,3.0,107239065,Proboscis,5.6,"{'trad': True, 'tr': True}"
35dfaf2cb465407e7a9afc0299e972f0d020b30b,3.0,107239065,Proboscis,5.6,"{'trad': True, 'tr': True}"
87821657818fd4ec0881556f03b065817d204414,3.0,107239065,Proboscis,5.6,"{'trad': True, 'tr': True}"
bfd112726b5debcf2eadf4ffa0b0c55e431e54ed,3.0,107239065,Proboscis,5.6,"{'trad': True, 'tr': True}"
74e2ebede82cbf5ebd003c36df49ff421ed85d66,2.0,107239065,Proboscis,5.6,"{'trad': True, 'tr': True}"
e2db92961a806a803f720e39aef45692acfaa755,3.0,106384210,Princeton Crack,5.6,"{'trad': True, 'tr': True}"
36b200ad7835df9f195264b248d63c63ca1a4529,3.0,106384210,Princeton Crack,5.6,"{'trad': True, 'tr': True}"
dd95e2b296b296ed45d6407b0775b34b9aff7425,3.0,106384210,Princeton Crack,5.6,"{'trad': True, 'tr': True}"
87821657818fd4ec0881556f03b065817d204414,3.0,106384210,Princeton Crack,5.6,"{'trad': True, 'tr': True}"
1ad32fc1bce79043668e59cc45049ec947e6938b,3.0,106384210,Princeton Crack,5.6,"{'trad': True, 'tr': True}"
f0a4d9dc9d4fb3856c174c613874dcde99ed3601,2.0,106384210,Princeton Crack,5.6,"{'trad': True, 'tr': True}"
bfd112726b5debcf2eadf4ffa0b0c55e431e54ed,2.0,106384210,Princeton Crack,5.6,"{'trad': True, 'tr': True}"
274cf2778e779e93b4047189c3087f38e0c1f404,2.0,106384210,Princeton Crack,5.6,"{'trad': True, 'tr': True}"
dc55e77411078060797553999839ca0c774ac76f,2.0,106384210,Princeton Crack,5.6,"{'trad': True, 'tr': True}"
b44f194555d64138897a1a5dde9cf0a3340a138e,1.0,106384210,Princeton Crack,5.6,"{'trad': True, 'tr': True}"
a5b82c252bf692d11309afe857bc9ae29254bb40,4.0,106384242,One Bowl Gully,5.1,"{'trad': True, 'tr': True}"
5ea672d41f224eed4c95069b9ab8e20e1fc9f7b7,4.0,106384242,One Bowl Gully,5.1,"{'trad': True, 'tr': True}"
bfd112726b5debcf2eadf4ffa0b0c55e431e54ed,4.0,106384242,One Bowl Gully,5.1,"{'trad': True, 'tr': True}"
dc55e77411078060797553999839ca0c774ac76f,3.0,106384242,One Bowl Gully,5.1,"{'trad': True, 'tr': True}"
01547219d50786f28ea5c17c2da997a48d97d36a,2.0,106384242,One Bowl Gully,5.1,"{'trad': True, 'tr': True}"
a0c004ad5a4e929e9ee13a28cdf6ee9e8dbb68a8,2.0,106384242,One Bowl Gully,5.1,"{'trad': True, 'tr': True}"
cd773db1eb6ebd0cbdc14e5f88e78f08cafae079,2.0,106384242,One Bowl Gully,5.1,"{'trad': True, 'tr': True}"
dd95e2b296b296ed45d6407b0775b34b9aff7425,2.0,106384242,One Bowl Gully,5.1,"{'trad': True, 'tr': True}"
b44f194555d64138897a1a5dde9cf0a3340a138e,2.0,106384242,One Bowl Gully,5.1,"{'trad': True, 'tr': True}"
caf231fdb5fd41aff81e4253306707d0fbe37d02,2.0,106384242,One Bowl Gully,5.1,"{'trad': True, 'tr': True}"
148a3e2e26028debfc473b2208804c6151d762db,2.0,106384242,One Bowl Gully,5.1,"{'trad': True, 'tr': True}"
274cf2778e779e93b4047189c3087f38e0c1f404,1.0,106384242,One Bowl Gully,5.1,"{'trad': True, 'tr': True}"
87821657818fd4ec0881556f03b065817d204414,1.0,106384242,One Bowl Gully,5.1,"{'trad': True, 'tr': True}"
f0a4d9dc9d4fb3856c174c613874dcde99ed3601,1.0,106384242,One Bowl Gully,5.1,"{'trad': True, 'tr': True}"
35dfaf2cb465407e7a9afc0299e972f0d020b30b,1.0,106384242,One Bowl Gully,5.1,"{'trad': True, 'tr': True}"
35dfaf2cb465407e7a9afc0299e972f0d020b30b,4.0,112104625,Mr. Mantis the Podiatrist,5.6,{'trad': True}
790dc684f1bdc58563ff204ef4ef88779b0d2b2a,4.0,112104625,Mr. Mantis the Podiatrist,5.6,{'trad': True}
bfd112726b5debcf2eadf4ffa0b0c55e431e54ed,4.0,112104625,Mr. Mantis the Podiatrist,5.6,{'trad': True}
3eeac274b5352c1475873eec9a5098f7ae989d40,4.0,112104625,Mr. Mantis the Podiatrist,5.6,{'trad': True}
6cd9197bba92f675b32df0d9c2a7b91385b47d6d,4.0,112104625,Mr. Mantis the Podiatrist,5.6,{'trad': True}
9669ca52f16f1f471d6cecb5c3eb64a005b2ecbf,3.0,112104625,Mr. Mantis the Podiatrist,5.6,{'trad': True}
1ad32fc1bce79043668e59cc45049ec947e6938b,3.0,112104625,Mr. Mantis the Podiatrist,5.6,{'trad': True}
87821657818fd4ec0881556f03b065817d204414,3.0,112104625,Mr. Mantis the Podiatrist,5.6,{'trad': True}
5bd17f441ea4889f8ed6d41c3aaa87e28bc2d190,3.0,112104625,Mr. Mantis the Podiatrist,5.6,{'trad': True}
dc55e77411078060797553999839ca0c774ac76f,3.0,119043807,Jason's Crack,5.7+,"{'trad': True, 'tr': True}"
e2db92961a806a803f720e39aef45692acfaa755,3.0,106721228,Free Radical,5.11a,"{'trad': True, 'tr': True}"
36b200ad7835df9f195264b248d63c63ca1a4529,3.0,106721228,Free Radical,5.11a,"{'trad': True, 'tr': True}"
274cf2778e779e93b4047189c3087f38e0c1f404,2.0,106721228,Free Radical,5.11a,"{'trad': True, 'tr': True}"
6017127b594ffefd9eea5ef33aaad83e9dfc1618,3.0,107229622,One Bowl Ceiling,5.8,"{'trad': True, 'tr': True}"
a0c004ad5a4e929e9ee13a28cdf6ee9e8dbb68a8,3.0,107229622,One Bowl Ceiling,5.8,"{'trad': True, 'tr': True}"
9f25ceeb3fc9adb71b86106d681b095339422d66,3.0,107229622,One Bowl Ceiling,5.8,"{'trad': True, 'tr': True}"
db50c56717301c8654ed7fdfe388d1304816af0e,2.0,107229622,One Bowl Ceiling,5.8,"{'trad': True, 'tr': True}"
bfd112726b5debcf2eadf4ffa0b0c55e431e54ed,2.0,107229622,One Bowl Ceiling,5.8,"{'trad': True, 'tr': True}"
74e2ebede82cbf5ebd003c36df49ff421ed85d66,1.0,107229622,One Bowl Ceiling,5.8,"{'trad': True, 'tr': True}"
274cf2778e779e93b4047189c3087f38e0c1f404,1.0,107229622,One Bowl Ceiling,5.8,"{'trad': True, 'tr': True}"
dc55e77411078060797553999839ca0c774ac76f,1.0,107229622,One Bowl Ceiling,5.8,"{'trad': True, 'tr': True}"
dd95e2b296b296ed45d6407b0775b34b9aff7425,3.0,106384177,Blairstown Crack,5.7,"{'trad': True, 'tr': True}"
caf231fdb5fd41aff81e4253306707d0fbe37d02,3.0,106384177,Blairstown Crack,5.7,"{'trad': True, 'tr': True}"
e2db92961a806a803f720e39aef45692acfaa755,3.0,106384177,Blairstown Crack,5.7,"{'trad': True, 'tr': True}"
db50c56717301c8654ed7fdfe388d1304816af0e,3.0,106384177,Blairstown Crack,5.7,"{'trad': True, 'tr': True}"
87821657818fd4ec0881556f03b065817d204414,3.0,106384177,Blairstown Crack,5.7,"{'trad': True, 'tr': True}"
790dc684f1bdc58563ff204ef4ef88779b0d2b2a,3.0,106384177,Blairstown Crack,5.7,"{'trad': True, 'tr': True}"
bfd112726b5debcf2eadf4ffa0b0c55e431e54ed,2.0,106384177,Blairstown Crack,5.7,"{'trad': True, 'tr': True}"
01547219d50786f28ea5c17c2da997a48d97d36a,2.0,106384177,Blairstown Crack,5.7,"{'trad': True, 'tr': True}"
274cf2778e779e93b4047189c3087f38e0c1f404,2.0,106384177,Blairstown Crack,5.7,"{'trad': True, 'tr': True}"
f0a4d9dc9d4fb3856c174c613874dcde99ed3601,2.0,106384177,Blairstown Crack,5.7,"{'trad': True, 'tr': True}"
36b200ad7835df9f195264b248d63c63ca1a4529,2.0,106384177,Blairstown Crack,5.7,"{'trad': True, 'tr': True}"
0969be512ffc7af247b78a1fa5dd7037157d0d53,2.0,106384177,Blairstown Crack,5.7,"{'trad': True, 'tr': True}"
dc55e77411078060797553999839ca0c774ac76f,2.0,106384177,Blairstown Crack,5.7,"{'trad': True, 'tr': True}"
682c643bcc02e7a86d8a81b02da85b19f83f90ff,1.0,106384177,Blairstown Crack,5.7,"{'trad': True, 'tr': True}"
b44f194555d64138897a1a5dde9cf0a3340a138e,1.0,106384177,Blairstown Crack,5.7,"{'trad': True, 'tr': True}"
8a7a95003313a8ddb62df8d7b39225b07f776ae5,1.0,106384177,Blairstown Crack,5.7,"{'trad': True, 'tr': True}"
b49ea632a212b3fe3d24efb2eaa29e78578e7c8a,3.0,114396566,Ski Minne,5.6,"{'trad': True, 'tr': True}"
fad0a7217939f63b524c9c7ce87b1e351ad64ab9,3.0,114396566,Ski Minne,5.6,"{'trad': True, 'tr': True}"
b49ea632a212b3fe3d24efb2eaa29e78578e7c8a,3.0,114396509,Ski Bonticou,5.6,"{'trad': True, 'tr': True}"
fad0a7217939f63b524c9c7ce87b1e351ad64ab9,3.0,114396509,Ski Bonticou,5.6,"{'trad': True, 'tr': True}"
b49ea632a212b3fe3d24efb2eaa29e78578e7c8a,3.0,114396539,Portal of the Inside Way,5.5,"{'trad': True, 'tr': True}"
fad0a7217939f63b524c9c7ce87b1e351ad64ab9,3.0,114396539,Portal of the Inside Way,5.5,"{'trad': True, 'tr': True}"
fad0a7217939f63b524c9c7ce87b1e351ad64ab9,2.0,114490647,Hamilton Pointless,5.4,"{'trad': True, 'tr': True}"
b49ea632a212b3fe3d24efb2eaa29e78578e7c8a,1.0,114490647,Hamilton Pointless,5.4,"{'trad': True, 'tr': True}"
b49ea632a212b3fe3d24efb2eaa29e78578e7c8a,3.0,114389612,Over the Roof,5.5,"{'trad': True, 'tr': True}"
fad0a7217939f63b524c9c7ce87b1e351ad64ab9,3.0,114389612,Over the Roof,5.5,"{'trad': True, 'tr': True}"
b49ea632a212b3fe3d24efb2eaa29e78578e7c8a,3.0,114396554,Guyot Ridge,5.5,"{'trad': True, 'tr': True, 'aid': True}"
fad0a7217939f63b524c9c7ce87b1e351ad64ab9,3.0,114396554,Guyot Ridge,5.5,"{'trad': True, 'tr': True, 'aid': True}"
b49ea632a212b3fe3d24efb2eaa29e78578e7c8a,2.0,114483218,Gertrude's Nooose,5.6,"{'trad': True, 'tr': True}"
fad0a7217939f63b524c9c7ce87b1e351ad64ab9,3.0,115125745,Fissure of the Middle Way,5.5,"{'trad': True, 'tr': True}"
b49ea632a212b3fe3d24efb2eaa29e78578e7c8a,2.0,115125745,Fissure of the Middle Way,5.5,"{'trad': True, 'tr': True}"
b49ea632a212b3fe3d24efb2eaa29e78578e7c8a,1.0,115151783,Dividing Ramp,Easy 5th,"{'trad': True, 'tr': True}"
fad0a7217939f63b524c9c7ce87b1e351ad64ab9,3.0,114483260,Cast-less Point,5.2,"{'trad': True, 'tr': True}"
b49ea632a212b3fe3d24efb2eaa29e78578e7c8a,2.0,114483260,Cast-less Point,5.2,"{'trad': True, 'tr': True}"
