users,ratings,route_id,name,grade,type
bce519699fc09dec418cbae150e245e56ecb6b1d,3,118802729,La Chica Buena,5.10c/d,"{'trad': True, 'tr': True}"
776494c839f76017a75635e275ccd7fe31885a94,2,110418469,Unknown 4 Bolt Sport Route,5.8,"{'sport': True, 'tr': True}"
aa5acb5d0a3c832824a13f315b434d601fb41063,2,110418469,Unknown 4 Bolt Sport Route,5.8,"{'sport': True, 'tr': True}"
3b2234a64876986007d074207415dcd836db6dcf,2,110418469,Unknown 4 Bolt Sport Route,5.8,"{'sport': True, 'tr': True}"
959dbcbd419a48621a9957bf53c7d56bdd35d479,2,110418469,Unknown 4 Bolt Sport Route,5.8,"{'sport': True, 'tr': True}"
c6c10a230007fc8bcf3101d26d0eb644924976d3,2,110418469,Unknown 4 Bolt Sport Route,5.8,"{'sport': True, 'tr': True}"
da925bc9abfcd16b98abcb7c1b577e21e49cc9cc,2,110418469,Unknown 4 Bolt Sport Route,5.8,"{'sport': True, 'tr': True}"
776494c839f76017a75635e275ccd7fe31885a94,2,110418331,Meadowlark Perch,5.8,"{'trad': True, 'tr': True}"
776494c839f76017a75635e275ccd7fe31885a94,2,110418298,Lightning Bolt Flakes,5.8+,"{'trad': True, 'tr': True}"
776494c839f76017a75635e275ccd7fe31885a94,2,110418484,Elk City Sidepull,5.7,"{'trad': True, 'tr': True}"
3e02d92bf49fc7d36ef02bb77fe20265653ac472,2,110418484,Elk City Sidepull,5.7,"{'trad': True, 'tr': True}"
