users,ratings,route_id,name,grade,type
840c77ef0539596d1ed57f01b410ca51a52ec5a4,4.0,110060351,Mr. Green Jeans,5.10a,"{'sport': True, 'tr': True}"
fc321af9b93a023e85ab0bcbe402af1e96144707,1.0,110060351,Mr. Green Jeans,5.10a,"{'sport': True, 'tr': True}"
57e843fd2b90c082c1b8ef181bc847e3767683bf,1.0,110060351,Mr. Green Jeans,5.10a,"{'sport': True, 'tr': True}"
5c8d6ccc17a14e57a690774372b5f321c3ebd4fc,2.0,113653330,Crooked Tree,5.11+,"{'sport': True, 'tr': True}"
57e843fd2b90c082c1b8ef181bc847e3767683bf,2.0,113653330,Crooked Tree,5.11+,"{'sport': True, 'tr': True}"
840c77ef0539596d1ed57f01b410ca51a52ec5a4,4.0,110101863,Choss City,5.9-,{'sport': True}
567f38ebc876d7b6cca47c7b24f259aaa30a3a32,3.0,110101863,Choss City,5.9-,{'sport': True}
fc321af9b93a023e85ab0bcbe402af1e96144707,2.0,110101863,Choss City,5.9-,{'sport': True}
