users,ratings,route_id,name,grade,type
0036f45671ac8d72eb4ed559afb0c4f7503cd450,3,118880868,The South Face Indirect,5.2,"{'trad': True, 'mixed': True}"
842cbb25fdaf2bd4ea86fde3b749741cc49894dc,2,118880868,The South Face Indirect,5.2,"{'trad': True, 'mixed': True}"
c566b9cf04b84dc090dabc4cab1b4a9117bc3c6d,2,108102489,Old Grandmom,5.2,"{'trad': True, 'tr': True}"
1fd80592d1d26013d6759ab1d37a12bd1bcdd369,1,108102489,Old Grandmom,5.2,"{'trad': True, 'tr': True}"
5b8fa1ec06938aa6d3f93911481c994d4d03b67a,1,108102489,Old Grandmom,5.2,"{'trad': True, 'tr': True}"
d590fd0677a1beed2e2f14540368c6a70c80611c,1,108102489,Old Grandmom,5.2,"{'trad': True, 'tr': True}"
748508782e486058e8096fb5631d77367aa37c10,1,108102489,Old Grandmom,5.2,"{'trad': True, 'tr': True}"
