users,ratings,route_id,name,grade,type
41a7640c39569766e37daf19ab15716021ea5ab1,2.0,110388638,Cal's Crack,5.9,"{'trad': True, 'tr': True}"
9e3baccf116beace4e2a3020aa998fad3e48c748,2.0,110388638,Cal's Crack,5.9,"{'trad': True, 'tr': True}"
74e42c6943f4f3a24f90fecbfd7438b02cf5a232,3.0,118902608,"Step or Stone, Breath or Bone",5.11a,{'sport': True}
74e42c6943f4f3a24f90fecbfd7438b02cf5a232,3.0,118902678,Splendor of Jobs Gone By,5.10a,{'sport': True}
74e42c6943f4f3a24f90fecbfd7438b02cf5a232,4.0,118902652,Slabby Cat,5.12a,{'sport': True}
74e42c6943f4f3a24f90fecbfd7438b02cf5a232,2.0,113775252,Red Cloud Crack,5.10b,{'trad': True}
74e42c6943f4f3a24f90fecbfd7438b02cf5a232,2.0,113790739,Off Width His Head,5.10c,{'trad': True}
633796638bf6542a0b3d8279be44f245815c9ad5,2.0,113790739,Off Width His Head,5.10c,{'trad': True}
74e42c6943f4f3a24f90fecbfd7438b02cf5a232,3.0,118902402,Gift of Life,5.10b,{'trad': True}
74e42c6943f4f3a24f90fecbfd7438b02cf5a232,2.0,118902337,Definitive Expletive,5.11c,{'trad': True}
dd549db2eadf778552023e517d4ffd935f1a9202,2.0,118902559,"Blood, Sweat, and Beers",5.9,{'trad': True}
74e42c6943f4f3a24f90fecbfd7438b02cf5a232,1.0,118902559,"Blood, Sweat, and Beers",5.9,{'trad': True}
74e42c6943f4f3a24f90fecbfd7438b02cf5a232,4.0,118992044,Ledge 'N' Dairy,5.10a,{'sport': True}
74e42c6943f4f3a24f90fecbfd7438b02cf5a232,2.0,118902285,Barbwire Love,5.9,{'trad': True}
dd549db2eadf778552023e517d4ffd935f1a9202,2.0,119088078,Right Crack,5.9,"{'trad': True, 'tr': True}"
fc6a0c4a6b850d1bb8138547e1f736f7d14258ee,2.0,115188964,The Chump of Chimney Butte,5.7,"{'trad': True, 'tr': True}"
41a7640c39569766e37daf19ab15716021ea5ab1,2.0,110681366,Volkswagen Crack,5.8,"{'trad': True, 'tr': True}"
9e3baccf116beace4e2a3020aa998fad3e48c748,2.0,110681366,Volkswagen Crack,5.8,"{'trad': True, 'tr': True}"
74e42c6943f4f3a24f90fecbfd7438b02cf5a232,2.0,119000326,That's Da-Beta-ble,5.10d,{'sport': True}
41a7640c39569766e37daf19ab15716021ea5ab1,4.0,110755732,Powerline Crack,5.10a,"{'trad': True, 'tr': True}"
74e42c6943f4f3a24f90fecbfd7438b02cf5a232,4.0,110755732,Powerline Crack,5.10a,"{'trad': True, 'tr': True}"
633796638bf6542a0b3d8279be44f245815c9ad5,3.0,110755732,Powerline Crack,5.10a,"{'trad': True, 'tr': True}"
633796638bf6542a0b3d8279be44f245815c9ad5,3.0,106598217,Hell's Heaven,5.10a,"{'sport': True, 'tr': True}"
9e3baccf116beace4e2a3020aa998fad3e48c748,2.0,106598217,Hell's Heaven,5.10a,"{'sport': True, 'tr': True}"
74e42c6943f4f3a24f90fecbfd7438b02cf5a232,2.0,106598217,Hell's Heaven,5.10a,"{'sport': True, 'tr': True}"
41a7640c39569766e37daf19ab15716021ea5ab1,4.0,110755963,The Great Roof,5.7,"{'trad': True, 'tr': True}"
633796638bf6542a0b3d8279be44f245815c9ad5,3.0,110755963,The Great Roof,5.7,"{'trad': True, 'tr': True}"
74e42c6943f4f3a24f90fecbfd7438b02cf5a232,3.0,110755963,The Great Roof,5.7,"{'trad': True, 'tr': True}"
fc6a0c4a6b850d1bb8138547e1f736f7d14258ee,2.0,115189062,American Black Eagle,5.9,"{'sport': True, 'tr': True}"
