users,ratings,route_id,name,grade,type
73c91dfacce18154eebb725600710ed58baed5ba,2,117541715,Trad Crack,5.7,"{'trad': True, 'tr': True}"
fe2cfb7f44e3529d7fd50f73424c9f17d5aa3d21,2,117541715,Trad Crack,5.7,"{'trad': True, 'tr': True}"
1d02af61583b02788240aa80ee7f779d5c622e6a,2,110109775,My Climbing Partner's a Flake,,"{'trad': True, 'tr': True, 'ice': True}"
6c80d91ed68f5e259ff93112fb574791af2264fd,2,108110124,Unknown 5.9,5.9,"{'trad': True, 'tr': True}"
ec7726df631c667c3c224abf896c953501978640,2,108110124,Unknown 5.9,5.9,"{'trad': True, 'tr': True}"
73c91dfacce18154eebb725600710ed58baed5ba,3,117994489,Topless Beach,5.7,"{'sport': True, 'tr': True}"
0092cfe20564f26a001951fff1bb23845686e23e,3,117994489,Topless Beach,5.7,"{'sport': True, 'tr': True}"
327bf6fe23c5b3d29e9c881cd52bfc208849eda0,3,117994489,Topless Beach,5.7,"{'sport': True, 'tr': True}"
ca94d35cc56c9eb7b0c764aebd35a69f6c3d3143,3,117994489,Topless Beach,5.7,"{'sport': True, 'tr': True}"
ad1058a4e5bac4810decb1329dc13fadf90e8327,3,117994489,Topless Beach,5.7,"{'sport': True, 'tr': True}"
85c32dd000aec2fdb5ead3f54af65d8b2092ca71,2,117994489,Topless Beach,5.7,"{'sport': True, 'tr': True}"
b8080b75cc6fe83030d446bcea63a00c59362eec,2,117994489,Topless Beach,5.7,"{'sport': True, 'tr': True}"
ca94d35cc56c9eb7b0c764aebd35a69f6c3d3143,4,117994778,Toe or Throw,5.10,"{'sport': True, 'tr': True}"
73c91dfacce18154eebb725600710ed58baed5ba,3,117994778,Toe or Throw,5.10,"{'sport': True, 'tr': True}"
c72e2793693042b9ab6d53da48c4d7a5b5a4ad5c,3,117994778,Toe or Throw,5.10,"{'sport': True, 'tr': True}"
4866dec8a3383857d30a5feaaf9303a87a11790e,3,117994778,Toe or Throw,5.10,"{'sport': True, 'tr': True}"
0092cfe20564f26a001951fff1bb23845686e23e,3,117994778,Toe or Throw,5.10,"{'sport': True, 'tr': True}"
979cd6f455ef3aa4b1fd987ca92b96470b097c8a,2,117994778,Toe or Throw,5.10,"{'sport': True, 'tr': True}"
327bf6fe23c5b3d29e9c881cd52bfc208849eda0,2,117994778,Toe or Throw,5.10,"{'sport': True, 'tr': True}"
82d39eb33fc5928c34333f2336924fe8d13877cb,2,117994778,Toe or Throw,5.10,"{'sport': True, 'tr': True}"
73c91dfacce18154eebb725600710ed58baed5ba,3,117994626,Son of a Beach,5.7,"{'sport': True, 'tr': True}"
0092cfe20564f26a001951fff1bb23845686e23e,3,117994626,Son of a Beach,5.7,"{'sport': True, 'tr': True}"
327bf6fe23c5b3d29e9c881cd52bfc208849eda0,2,117994626,Son of a Beach,5.7,"{'sport': True, 'tr': True}"
b671424f85a5d8bb2b06224526af74eb3875ff1f,2,117994626,Son of a Beach,5.7,"{'sport': True, 'tr': True}"
b8080b75cc6fe83030d446bcea63a00c59362eec,2,117994626,Son of a Beach,5.7,"{'sport': True, 'tr': True}"
73c91dfacce18154eebb725600710ed58baed5ba,3,117994720,Smiley,5.6,"{'sport': True, 'tr': True}"
ca94d35cc56c9eb7b0c764aebd35a69f6c3d3143,3,117994720,Smiley,5.6,"{'sport': True, 'tr': True}"
0092cfe20564f26a001951fff1bb23845686e23e,2,117994720,Smiley,5.6,"{'sport': True, 'tr': True}"
327bf6fe23c5b3d29e9c881cd52bfc208849eda0,2,117994720,Smiley,5.6,"{'sport': True, 'tr': True}"
82d39eb33fc5928c34333f2336924fe8d13877cb,2,117994720,Smiley,5.6,"{'sport': True, 'tr': True}"
73c91dfacce18154eebb725600710ed58baed5ba,3,117994557,Sand Bag,5.6,"{'sport': True, 'tr': True}"
0092cfe20564f26a001951fff1bb23845686e23e,3,117994557,Sand Bag,5.6,"{'sport': True, 'tr': True}"
75b8b7ffc8eaec7ac975ec7354d12ee57637d5e6,2,117994557,Sand Bag,5.6,"{'sport': True, 'tr': True}"
85c32dd000aec2fdb5ead3f54af65d8b2092ca71,2,117994557,Sand Bag,5.6,"{'sport': True, 'tr': True}"
327bf6fe23c5b3d29e9c881cd52bfc208849eda0,2,117994557,Sand Bag,5.6,"{'sport': True, 'tr': True}"
b8080b75cc6fe83030d446bcea63a00c59362eec,2,117994557,Sand Bag,5.6,"{'sport': True, 'tr': True}"
ad1058a4e5bac4810decb1329dc13fadf90e8327,2,117994557,Sand Bag,5.6,"{'sport': True, 'tr': True}"
ca94d35cc56c9eb7b0c764aebd35a69f6c3d3143,4,117994670,Oh Mandy,5.9,"{'sport': True, 'tr': True}"
73c91dfacce18154eebb725600710ed58baed5ba,3,117994670,Oh Mandy,5.9,"{'sport': True, 'tr': True}"
c72e2793693042b9ab6d53da48c4d7a5b5a4ad5c,3,117994670,Oh Mandy,5.9,"{'sport': True, 'tr': True}"
4866dec8a3383857d30a5feaaf9303a87a11790e,3,117994670,Oh Mandy,5.9,"{'sport': True, 'tr': True}"
327bf6fe23c5b3d29e9c881cd52bfc208849eda0,3,117994670,Oh Mandy,5.9,"{'sport': True, 'tr': True}"
0092cfe20564f26a001951fff1bb23845686e23e,2,117994670,Oh Mandy,5.9,"{'sport': True, 'tr': True}"
73c91dfacce18154eebb725600710ed58baed5ba,3,117994176,Muscle Beach,5.7,"{'sport': True, 'tr': True}"
c72e2793693042b9ab6d53da48c4d7a5b5a4ad5c,3,117994176,Muscle Beach,5.7,"{'sport': True, 'tr': True}"
75b8b7ffc8eaec7ac975ec7354d12ee57637d5e6,3,117994176,Muscle Beach,5.7,"{'sport': True, 'tr': True}"
ca94d35cc56c9eb7b0c764aebd35a69f6c3d3143,3,117994176,Muscle Beach,5.7,"{'sport': True, 'tr': True}"
0092cfe20564f26a001951fff1bb23845686e23e,2,117994176,Muscle Beach,5.7,"{'sport': True, 'tr': True}"
85c32dd000aec2fdb5ead3f54af65d8b2092ca71,2,117994176,Muscle Beach,5.7,"{'sport': True, 'tr': True}"
327bf6fe23c5b3d29e9c881cd52bfc208849eda0,2,117994176,Muscle Beach,5.7,"{'sport': True, 'tr': True}"
73c91dfacce18154eebb725600710ed58baed5ba,3,117994604,Beach Blanket Bingo,5.7+,"{'sport': True, 'tr': True}"
327bf6fe23c5b3d29e9c881cd52bfc208849eda0,3,117994604,Beach Blanket Bingo,5.7+,"{'sport': True, 'tr': True}"
ca94d35cc56c9eb7b0c764aebd35a69f6c3d3143,3,117994604,Beach Blanket Bingo,5.7+,"{'sport': True, 'tr': True}"
0092cfe20564f26a001951fff1bb23845686e23e,2,117994604,Beach Blanket Bingo,5.7+,"{'sport': True, 'tr': True}"
75b8b7ffc8eaec7ac975ec7354d12ee57637d5e6,2,117994604,Beach Blanket Bingo,5.7+,"{'sport': True, 'tr': True}"
b8080b75cc6fe83030d446bcea63a00c59362eec,2,117994604,Beach Blanket Bingo,5.7+,"{'sport': True, 'tr': True}"
